timestamp_ms,revid,cycle_count,gain_LSB_per_uT,x_uT,y_uT,z_uT,mag_uT,fx_uT,fy_uT,fz_uT,fmag_uT,lat_deg,lon_deg,alt_m,sats,hdop_m,spd_mps,course_deg,fix_valid
1880,34,200,74.92,-29.351309,7.03417,37.226376,47.924755,-29.737856,10.03684,36.494396,48.134388,,,,0,,,,0
2386,34,200,74.92,-30.285639,7.768286,35.83823,47.559906,-29.70956,9.90817,36.518421,48.108471,,,,0,,,,0
2889,34,200,74.92,-28.777363,10.624666,37.239723,48.247456,-29.632679,9.886813,36.583561,48.106152,,,,0,,,,0
3393,34,200,74.92,-33.902832,8.021891,35.771492,49.933479,-29.779503,9.760813,36.57288,48.16293,,,,0,,,,0
3896,34,200,74.92,-33.302189,6.313401,36.425522,49.756542,-29.909241,9.57982,36.583023,48.214661,,,,0,,,,0
4399,34,200,74.92,-35.477844,6.807261,32.554726,48.629482,-30.114792,9.42125,36.44688,48.208252,,,,0,,,,0
4902,34,200,74.92,-35.064068,6.166578,29.67165,46.345684,-30.296318,9.239189,36.199146,48.099976,,,,0,,,,0
5405,34,200,74.92,-33.675922,-0.293647,30.939671,45.732014,-30.42926,8.809397,35.992527,47.947964,,,,0,,,,0
5908,34,200,74.92,-35.077415,1.735184,30.779499,46.699181,-30.616125,8.456488,35.785904,47.848618,,,,0,,,,0
6411,34,200,74.92,-32.301121,-3.804058,29.991993,44.241982,-30.685532,7.860652,35.553123,47.617393,,,,0,,,,0
6914,34,200,74.92,-30.712761,-13.561132,25.640684,42.244793,-30.70849,6.874,35.132946,47.165531,,,,0,,,,0
7418,34,200,74.92,-29.418047,-14.749066,25.453817,41.603523,-30.70849,5.848906,34.681797,46.690987,,,,0,,,,0
7921,34,200,74.92,-22.851042,-11.492259,32.301121,41.201996,-30.464497,4.949814,34.493332,46.285809,,,,0,,,,0
8424,34,200,74.92,-26.494928,-13.24079,28.57715,41.157661,-30.380674,3.975441,34.148964,45.879639,,,,0,,,,0
8927,34,200,74.92,-26.748533,-11.385478,29.111052,41.140812,-30.303257,3.066205,33.832359,45.522717,,,,0,,,,0
9430,34,200,74.92,-21.863321,-8.876135,34.369995,41.690372,-30.016018,2.273893,33.732521,45.210781,,,,0,,,,0
9933,34,200,74.92,-20.888948,-8.46236,36.906033,43.243671,-29.684465,1.508276,33.734657,44.960754,,,,0,,,,0
10436,34,200,74.92,-21.035772,-10.117459,38.441006,44.973076,-29.370529,0.682863,33.791782,44.776989,,,,0,,,,0
10939,34,200,74.92,-16.003738,-9.930593,39.361988,43.636021,-28.868662,-0.097703,33.875072,44.507637,,,,0,,,,0
11443,34,200,74.92,-16.844635,-11.839295,38.561134,43.71352,-28.389751,-0.927922,33.931664,44.251518,,,,0,,,,0
11946,34,200,74.92,-15.616658,-6.780566,41.510944,44.866631,-27.844637,-1.546716,34.116398,44.064098,,,,0,,,,0
12449,34,200,74.92,-12.773625,-8.635879,41.150562,43.944427,-27.153767,-2.240255,34.308601,43.811253,,,,0,,,,0
12952,34,200,74.92,-13.707955,-7.100908,39.935932,42.815998,-26.48105,-2.846769,34.457027,43.550396,,,,0,,,,0
13455,34,200,74.92,-11.118526,-1.735184,41.497597,42.996315,-25.716501,-3.209823,34.652435,43.271614,,,,0,,,,0
13958,34,200,74.92,-9.303257,-3.8441,42.164978,43.349892,-24.903902,-3.655098,34.856918,42.994987,,,,0,,,,0
14462,34,200,74.92,-11.879338,0.947678,42.298454,43.945148,-24.205023,-3.898558,35.059803,42.781673,,,,0,,,,0
14968,34,200,74.92,-8.529098,2.722904,40.790176,41.761204,-23.334761,-4.100373,35.257881,42.478725,,,,0,,,,0
15471,34,200,74.92,-10.4378,-1.788575,39.989323,41.367771,-22.601179,-4.596902,35.367863,42.223579,,,,0,,,,0
15975,34,200,74.92,-9.156434,-2.349173,39.842499,40.948547,-21.611322,-5.011745,35.530704,41.88792,,,,0,,,,0
16478,34,200,74.92,-8.662574,-5.2189,38.908169,40.201027,-20.62574,-5.473037,35.630009,41.53159,,,,0,,,,0
16981,34,200,74.92,-6.486919,-6.687133,37.439938,38.581688,-19.466103,-6.012813,35.825417,41.21339,,,,0,,,,0
17484,34,200,74.92,-3.510411,-3.109984,36.518955,36.818867,-18.203957,-6.383876,36.099308,40.930405,,,,0,,,,0
17987,34,200,74.92,-0.680726,-0.854245,37.947144,37.96286,-16.884148,-6.4063,36.379608,40.615158,,,,0,,,,0
18490,34,200,74.92,-11.865991,10.798185,35.798187,39.228977,-15.955691,-6.043779,36.580353,40.363766,,,,0,,,,0
18993,34,200,74.92,-9.850508,7.03417,35.197544,37.22068,-15.057666,-5.61025,36.788578,40.144833,,,,0,,,,0
19496,34,200,74.92,-6.206621,7.875067,36.238655,37.60025,-14.07742,-4.752802,37.212494,40.069099,,,,0,,,,0
19999,34,200,74.92,-15.603311,7.835024,33.809399,38.051628,-13.524832,-3.849438,37.546719,40.093582,,,,0,,,,0
20503,34,200,74.92,-20.488522,12.319808,33.542446,41.190445,-13.430331,-2.896956,37.596371,40.028156,,,,0,,,,0
21006,34,200,74.92,-35.144154,16.484251,37.359852,53.87579,-13.7763,-1.707954,37.947681,40.407055,,,,0,,,,0
21509,34,200,74.92,-18.619862,19.23385,46.169247,53.3689,-13.451154,-0.483181,38.630009,40.907757,,,,0,,,,0
22012,34,200,74.92,-0.49386,11.572344,51.134544,52.43,-12.596375,0.334758,39.300587,41.271259,,,,0,,,,0
22515,34,200,74.92,13.561132,20.475174,47.223705,53.227955,-11.218371,1.492259,39.713295,41.294365,,,,0,,,,0
23018,34,200,74.92,-8.101975,22.19701,39.468769,46.001446,-10.701019,2.784838,39.754406,41.263542,,,,0,,,,0
23521,34,200,74.92,-4.77843,13.507742,38.868126,41.424915,-10.252007,3.722372,39.734653,41.204399,,,,0,,,,0
24024,34,200,74.92,-6.753871,5.045382,39.602242,40.489605,-9.848376,4.397759,39.776299,41.212677,,,,0,,,,0
24528,34,200,74.92,-8.07528,11.105179,39.402031,41.725952,-9.546721,5.113188,39.691944,41.14286,,,,0,,,,0
25031,34,200,74.92,-8.07528,23.331554,34.436733,42.372871,-9.358788,6.391886,39.423389,41.020077,,,,0,,,,0
25534,34,200,74.92,5.298985,26.695143,33.782703,43.381805,-8.59851,7.743728,39.177261,40.85043,,,,0,,,,0
26037,34,200,74.92,9.690336,26.935398,32.634811,43.410244,-7.766155,8.890552,38.82275,40.577839,,,,0,,,,0
26540,34,200,74.92,13.934864,23.638548,33.302189,43.150864,-6.83663,9.989857,38.468239,40.327934,,,,0,,,,0
27044,34,200,74.92,12.439937,23.678591,32.381207,41.999645,-5.863859,10.899095,38.071548,40.032711,,,,0,,,,0
27550,34,200,74.92,10.397758,23.945543,33.222103,42.251751,-5.106784,11.747999,37.768826,39.882061,,,,0,,,,0
28053,34,200,74.92,11.358783,21.876669,34.196476,42.154591,-4.234921,12.69461,37.537113,39.851257,,,,0,,,,0
28556,34,200,74.92,8.40897,16.964764,38.828083,43.198772,-3.532305,13.467167,37.496536,39.997902,,,,0,,,,0
29059,34,200,74.92,8.90283,20.541912,37.506676,43.680443,-2.829689,14.497599,37.440475,40.248936,,,,0,,,,0
29562,34,200,74.92,6.006407,20.301655,37.85371,43.372082,-2.329956,15.577151,37.457027,40.633793,,,,0,,,,0
30066,34,200,74.92,6.780566,18.726643,37.720238,42.655357,-1.918317,16.450617,37.505077,40.999191,,,,0,,,,0
30569,34,200,74.92,8.368927,17.685532,37.960491,42.706158,-1.556331,17.192207,37.505611,41.28759,,,,0,,,,0
31072,34,200,74.92,6.873999,15.376402,38.41431,41.944546,-0.806731,17.375336,37.61026,41.437721,,,,0,,,,0
31575,34,200,74.92,7.794981,13.854779,38.654568,41.795841,-0.100911,17.648161,37.748539,41.670372,,,,0,,,,0
32078,34,200,74.92,9.583556,13.534437,38.601177,42.012814,0.530696,17.874535,37.84304,41.855423,,,,0,,,,0
32581,34,200,74.92,13.307528,15.643353,36.839294,42.177464,1.687129,18.186867,37.964237,42.129467,,,,0,,,,0
33084,34,200,74.92,16.991459,13.214095,37.253071,43.024567,3.186328,18.222639,38.112663,42.36499,,,,0,,,,0
33587,34,200,74.92,17.25841,4.644955,40.670048,44.423878,5.282431,17.749067,38.245071,42.492577,,,,0,,,,0
34091,34,200,74.92,16.15056,-1.294714,42.939137,45.894295,6.673248,16.927925,38.115868,42.236313,,,,0,,,,0
34594,34,200,74.92,10.144154,-6.006407,39.52216,41.242962,7.098769,16.224775,37.651371,41.608433,,,,0,,,,0
35097,34,200,74.92,-0.467165,-3.8441,30.472506,30.717567,6.537637,15.252005,36.981323,40.533722,,,,0,,,,0
35600,34,200,74.92,7.47464,2.349173,20.395088,21.848307,7.160701,14.458091,36.218376,39.649498,,,,0,,,,0
36103,34,200,74.92,6.460225,12.439937,29.431395,32.59898,7.610248,14.415379,35.840908,39.373718,,,,0,,,,0
36606,34,200,74.92,6.193273,15.589963,32.968502,36.990887,8.128134,14.837162,35.575558,39.39325,,,,0,,,,0
37109,34,200,74.92,1.641751,14.255206,36.131874,38.876968,8.516814,14.963162,35.444752,39.405113,,,,0,,,,0
37612,34,200,74.92,1.561666,13.921516,37.413242,39.949947,8.902292,14.586761,35.563812,39.456421,,,,0,,,,0
38116,34,200,74.92,-0.947678,13.307528,38.400963,40.652458,8.652426,14.051257,35.748547,39.373352,,,,0,,,,0
38619,34,200,74.92,-0.480513,14.415377,39.255207,41.82111,8.245592,13.550457,36.013363,39.351837,,,,0,,,,0
39122,34,200,74.92,-0.040043,12.666845,40.00267,41.96027,7.686595,13.111588,36.281384,39.336197,,,,0,,,,0
39626,34,200,74.92,-1.348105,13.507742,40.403099,42.622608,7.135074,12.704755,36.602257,39.396008,,,,0,,,,0
40132,34,200,74.92,2.843033,11.865991,40.60331,42.397091,6.832885,12.221572,36.897507,39.464935,,,,0,,,,0
40635,34,200,74.92,0.413775,12.159637,40.45649,42.246368,6.395085,11.832891,37.147907,39.507992,,,,0,,,,0
41138,34,200,74.92,3.270155,11.599039,40.056061,41.829651,6.189532,11.618261,37.197025,39.457737,,,,0,,,,0
41641,34,200,74.92,-2.108916,8.742659,39.642284,40.649628,5.749063,11.146292,37.282452,39.335388,,,,0,,,,0
42144,34,200,74.92,-2.482648,8.942873,39.321945,40.402401,5.4095,10.691939,37.341183,39.216633,,,,0,,,,0
42647,34,200,74.92,-4.418046,8.07528,38.320877,39.410896,4.961556,10.265885,37.365208,39.066151,,,,0,,,,0
43150,34,200,74.92,-4.444741,7.261079,37.132942,38.096382,4.449009,9.848907,37.332104,38.864902,,,,0,,,,0
43654,34,200,74.92,2.709557,10.918313,35.010677,36.773617,4.282431,9.670584,37.195961,38.670387,,,,0,,,,0
44157,34,200,74.92,3.136679,14.135077,31.246664,34.438251,4.096099,9.681796,36.899643,38.367939,,,,0,,,,0
44660,34,200,74.92,6.420182,16.257341,27.816338,32.852222,3.969564,9.790711,36.46825,37.967731,,,,0,,,,0
45163,34,200,74.92,4.898559,20.501869,27.896423,34.964737,3.633206,9.985052,36.110535,37.641361,,,,0,,,,0
45666,34,200,74.92,6.753871,21.583023,32.127605,39.28899,3.223702,10.31981,35.905514,37.497955,,,,0,,,,0
46169,34,200,74.92,6.740523,20.501869,34.676991,40.844276,2.802987,10.954085,35.665794,37.415207,,,,0,,,,0
46672,34,200,74.92,3.830753,22.704218,33.595837,40.728817,2.310194,11.914043,35.292061,37.320385,,,,0,,,,0
47175,34,200,74.92,8.582488,23.932196,33.63588,42.163746,2.247728,13.111587,35.05661,37.495758,,,,0,,,,0
47679,34,200,74.92,1.201281,24.479445,33.115322,41.198433,2.314466,14.244529,35.162323,38.008583,,,,0,,,,0
48182,34,200,74.92,5.726108,26.094501,32.768288,42.278507,2.244524,15.194342,35.657249,38.824547,,,,0,,,,0
48685,34,200,74.92,2.135611,26.628405,33.262146,42.661495,2.07154,15.761881,35.810482,39.180592,,,,0,,,,0
49188,34,200,74.92,1.588361,29.618259,31.607048,43.344776,1.887343,16.323013,35.756023,39.350937,,,,0,,,,0
49691,34,200,74.92,0.186866,29.444742,31.914042,43.422733,1.829148,16.930595,35.587311,39.451839,,,,0,,,,0
50194,34,200,74.92,0.013348,30.872932,31.086493,43.812191,1.767215,17.60865,35.33424,39.518303,,,,0,,,,0
50697,34,200,74.92,1.828617,29.538176,31.713829,43.377583,1.878267,18.257877,35.066757,39.579735,,,,0,,,,0
51200,34,200,74.92,-0.974373,32.394554,28.777363,43.341587,1.858513,18.977045,34.64764,39.547962,,,,0,,,,0
51704,34,200,74.92,0.306994,32.98185,28.203417,43.397343,1.872394,19.789644,34.175671,39.536217,,,,0,,,,0
52208,34,200,74.92,1.401495,32.75494,28.57715,43.491425,1.982378,20.559534,33.702633,39.528366,,,,0,,,,0
52714,34,200,74.92,6.09984,30.899628,29.164442,42.925049,2.112651,21.320879,33.245079,39.550961,,,,0,,,,0
53217,34,200,74.92,2.509343,29.751736,29.23118,41.78426,2.196474,22.024563,32.79607,39.56625,,,,0,,,,0
53720,34,200,74.92,2.095569,30.072077,29.644955,42.279362,2.14949,22.763483,32.379623,39.638824,,,,0,,,,0
54223,34,200,74.92,-1.962093,28.416979,31.206621,42.251953,2.155363,23.550457,32.042198,39.824265,,,,0,,,,0
54726,34,200,74.92,-2.629472,29.044315,30.779499,42.401226,2.14949,24.354515,31.7005,40.033543,,,,0,,,,0
55229,34,200,74.92,-0.306994,28.563803,31.233316,42.326176,2.313932,25.174055,31.416998,40.325119,,,,0,,,,0
55732,34,200,74.92,-0.427122,28.990925,31.113188,42.528656,2.474637,26.043249,31.176207,40.69804,,,,0,,,,0
56235,34,200,74.92,5.379071,30.16551,30.619328,43.317844,2.581418,26.813137,31.000551,41.068748,,,,0,,,,0
56738,34,200,74.92,1.254672,30.525894,30.565937,43.216675,2.506137,27.468769,30.973322,41.474819,,,,0,,,,0
57242,34,200,74.92,3.416978,30.726109,29.391352,42.657017,2.386009,28.04752,31.036324,41.899998,,,,0,,,,0
57745,34,200,74.92,3.150027,29.030968,30.325682,42.099487,2.316068,28.388683,31.133493,42.196873,,,,0,,,,0
58248,34,200,74.92,3.203417,30.39242,29.791779,42.679165,2.17405,28.74106,31.040062,42.358711,,,,0,,,,0
58751,34,200,74.92,2.282435,30.806194,30.365725,43.316376,1.995726,29.153233,30.867609,42.505329,,,,0,,,,0
59254,34,200,74.92,2.082221,31.260012,30.44581,43.686054,1.925785,29.495464,30.74161,42.64666,,,,0,,,,0
59757,34,200,74.92,2.189002,30.779499,31.059797,43.782192,1.670045,29.769356,30.638565,42.751904,,,,0,,,,0
60260,34,200,74.92,1.308062,31.633743,31.006407,44.314804,1.674317,30.055527,30.554209,42.891697,,,,0,,,,0
60763,34,200,74.92,4.071009,31.113188,31.166578,44.226227,1.608113,30.256275,30.490141,42.984612,,,,0,,,,0
61267,34,200,74.92,4.791778,31.54031,30.178858,43.914871,1.714359,30.452751,30.36681,43.040123,,,,0,,,,0
61770,34,200,74.92,8.996263,30.459158,29.284571,43.200455,2.010675,30.486387,30.273911,43.011303,,,,0,,,,0
62273,34,200,74.92,6.673786,29.431395,29.89856,42.481411,2.270152,30.485851,30.193291,42.967144,,,,0,,,,0
62776,34,200,74.92,6.340096,29.871864,30.432463,43.112179,2.523222,30.44581,30.16713,42.934483,,,,0,,,,0
63279,34,200,74.92,3.897491,27.696211,32.261078,42.697163,2.605977,30.372131,30.189018,42.902615,,,,0,,,,0
63782,34,200,74.92,4.311265,31.393488,29.431395,43.247486,2.817403,30.33209,30.215181,42.906067,,,,0,,,,0
64285,34,200,74.92,1.468233,29.097706,31.32675,42.780807,2.863852,30.176723,30.340115,42.887749,,,,0,,,,0
64789,34,200,74.92,0.54725,27.85638,31.553658,42.09407,2.829682,29.980782,30.459175,42.832413,,,,0,,,,0
65295,34,200,74.92,2.736252,27.509344,32.087563,42.354019,2.695139,29.845171,30.576099,42.812332,,,,0,,,,0
65798,34,200,74.92,1.735184,28.230112,31.246664,42.146221,2.664172,29.784307,30.656719,42.825661,,,,0,,,,0
66302,34,200,74.92,5.432461,27.909771,30.819542,41.93222,2.797648,29.697815,30.703701,42.807758,,,,0,,,,0
66805,34,200,74.92,4.618259,27.429258,31.033102,41.674286,3.060862,29.658306,30.69676,42.7934,,,,0,,,,0
67308,34,200,74.92,5.459157,28.96423,30.565937,42.461811,3.384407,29.655102,30.688217,42.809414,,,,0,,,,0
67811,34,200,74.92,2.30913,29.151094,30.83289,42.494534,3.489053,29.678595,30.672199,42.822613,,,,0,,,,0
68314,34,200,74.92,0.093433,32.688202,29.484785,44.021358,3.509875,29.826485,30.607063,42.880424,,,,0,,,,0
68817,34,200,74.92,3.617192,30.072077,31.460224,43.67104,3.439399,29.822746,30.640697,42.89613,,,,0,,,,0
69320,34,200,74.92,4.551522,32.167645,29.45809,43.854904,3.571274,29.888416,30.596384,42.920975,,,,0,,,,0
69823,34,200,74.92,6.64709,31.967432,28.844101,43.56699,3.700478,29.938068,30.574495,42.950916,,,,0,,,,0
70327,34,200,74.92,8.502402,33.68927,27.602777,44.375343,3.914573,30.124401,30.465578,43.022724,,,,0,,,,0
70830,34,200,74.92,11.305392,32.47464,27.949814,44.312599,4.238652,30.207691,30.391899,43.059708,,,,0,,,,0
71333,34,200,74.92,6.807261,32.421249,28.230112,43.524883,4.419645,30.272293,30.306475,43.063065,,,,0,,,,0
71836,34,200,74.92,11.612387,32.661507,26.521624,43.646511,4.800852,30.328352,30.149508,43.033127,,,,0,,,,0
72339,34,200,74.92,8.635879,33.889484,25.800856,43.459866,5.058727,30.452751,29.93915,43.003643,,,,0,,,,0
72842,34,200,74.92,6.873999,33.649227,25.680727,42.88382,5.281364,30.533371,29.726124,42.939747,,,,0,,,,0
73345,34,200,74.92,6.780566,33.475708,25.907635,42.869625,5.389747,30.627874,29.515764,42.875359,,,,0,,,,0
73848,34,200,74.92,7.91511,33.702618,25.680727,43.104698,5.51468,30.714365,29.33584,42.829609,,,,0,,,,0
74352,34,200,74.92,6.273358,30.926323,29.45809,43.169106,5.405764,30.733051,29.342781,42.833885,,,,0,,,,0
74855,34,200,74.92,4.204485,35.224239,25.747465,43.833282,5.306992,30.964766,29.176735,42.874966,,,,0,,,,0
75358,34,200,74.92,5.258943,33.836094,27.522692,43.932178,5.263746,31.123335,29.060345,42.905392,,,,0,,,,0
75861,34,200,74.92,5.018687,33.822746,27.455954,43.851963,5.308594,31.368397,28.868139,42.959599,,,,0,,,,0
76364,34,200,74.92,8.595836,33.395622,27.322477,43.996292,5.479978,31.448481,28.783785,42.983059,,,,0,,,,0
76867,34,200,74.92,6.793914,33.288841,27.14896,43.489887,5.693005,31.616127,28.616673,43.022129,,,,0,,,,0
77371,34,200,74.92,8.168714,32.287773,27.762947,43.359074,5.997863,31.793385,28.465044,43.093529,,,,0,,,,0
77877,34,200,74.92,6.727176,32.394554,28.203417,43.47522,6.1575,31.988792,28.309677,43.15826,,,,0,,,,0
78380,34,200,74.92,6.860651,34.129738,27.349173,44.270584,6.362519,32.224777,28.15378,43.261452,,,,0,,,,0
78883,34,200,74.92,4.591565,31.273359,30.298986,43.785088,6.328883,32.359318,28.132957,43.343323,,,,0,,,,0
79386,34,200,74.92,5.032034,32.634811,29.097706,44.011688,6.345434,32.567543,28.05554,43.451382,,,,0,,,,0
79890,34,200,74.92,6.673786,25.213562,33.048588,42.100739,6.394019,32.417515,28.154846,43.41053,,,,0,,,,0
80393,34,200,74.92,2.36252,27.028831,30.058729,40.492794,6.396155,32.332626,28.123878,43.327381,,,,0,,,,0
80896,34,200,74.92,2.616124,26.775229,29.871864,40.200562,6.497062,32.096107,28.139362,43.176331,,,,0,,,,0
81399,34,200,74.92,0.787507,29.618259,29.191137,41.593075,6.383875,32.077953,28.048599,43.086807,,,,0,,,,0
81902,34,200,74.92,2.402563,29.311266,31.687134,43.231899,6.297917,31.963699,28.137762,43.047363,,,,0,,,,0
82405,34,200,74.92,0.38708,30.205553,31.660439,43.75967,6.047516,31.893223,28.250416,43.032967,,,,0,,,,0
82908,34,200,74.92,5.71276,30.339029,30.539242,43.425079,5.935931,31.759214,28.367874,42.995571,,,,0,,,,0
83411,34,200,74.92,4.431394,29.284571,29.858517,42.056561,5.660971,31.631611,28.444221,42.914787,,,,0,,,,0
83915,34,200,74.92,5.619328,29.324614,29.604912,42.047123,5.613454,31.507746,28.499214,42.85387,,,,0,,,,0
84418,34,200,74.92,3.697277,25.93433,31.98078,41.340412,5.296849,31.238659,28.717581,42.762249,,,,0,,,,0
84921,34,200,74.92,6.780566,25.2803,32.407902,41.657433,5.222637,30.894293,28.981863,42.681164,,,,0,,,,0
85424,34,200,74.92,6.193273,24.479445,33.422318,41.888557,5.195408,30.5275,29.291527,42.625275,,,,0,,,,0
85927,34,200,74.92,7.808329,23.424988,34.11639,42.114464,5.236518,30.125471,29.619875,42.57114,,,,0,,,,0
86430,34,200,74.92,8.061933,17.418581,36.71917,41.433067,5.242391,29.47411,30.061413,42.425163,,,,0,,,,0
86933,34,200,74.92,11.26535,6.727176,39.148426,41.288769,5.44207,28.506142,30.449026,42.063755,,,,0,,,,0
87436,34,200,74.92,21.502937,3.563802,35.771492,41.888859,6.134008,27.239723,30.849987,41.609497,,,,0,,,,0
87939,34,200,74.92,22.343834,7.341164,35.424454,42.520954,6.817404,26.179926,31.166058,41.269707,,,,4,14.8,,,0
88443,34,200,74.92,23.171383,8.128671,34.810467,42.599964,7.543511,25.152163,31.460238,40.979046,,,,4,14.8,,,0
88946,34,200,74.92,21.663107,7.941805,35.224239,42.108307,8.066202,24.13401,31.776306,40.709309,,,,4,14.8,,,0
89449,34,200,74.92,23.424988,7.514682,34.196476,42.125996,8.731445,23.103045,32.058208,40.468723,,,,4,14.8,,,0
89953,34,200,74.92,22.97117,8.088628,33.702618,41.580849,9.323544,22.135078,32.295795,40.248089,,,,4,14.8,,,0
90459,34,200,74.92,22.704218,9.410038,32.728245,40.928822,9.962626,21.215698,32.476791,40.051239,,,,4,14.8,,,0
90962,34,200,74.92,20.835558,9.78377,33.101974,40.318523,10.521621,20.241859,32.706902,39.877045,,,,4,14.8,,,0
91465,34,200,74.92,22.050188,13.547785,31.76722,40.974499,11.219966,19.532835,32.765633,39.761868,,,,4,14.8,,,0
91968,34,200,74.92,28.069942,9.263214,30.258944,42.300503,12.141482,18.597971,32.812084,39.622379,,,,4,14.8,,,0
92471,34,200,74.92,29.818474,7.207688,30.192205,43.042553,13.067269,17.877737,32.697826,39.490692,,,,4,14.8,,,0
92974,34,200,74.92,29.004272,1.681794,29.831821,41.641491,14.132939,16.863855,32.688751,39.404114,,,,4,14.8,,,0
93478,34,200,74.92,30.098772,4.511479,28.830753,41.922569,15.232244,15.973305,32.647106,39.408138,,,,4,14.8,,,0
93981,34,200,74.92,29.391352,9.236519,30.339029,43.23912,16.376398,15.158034,32.69302,39.582649,,,,4,14.8,,,0
94484,34,200,74.92,26.735186,9.436732,32.568073,43.179874,17.349703,14.363053,32.728256,39.729691,,,,4,14.8,,,0
94987,34,200,74.92,27.202351,11.158569,32.087563,43.521183,18.422314,13.601173,32.745342,39.957867,,,,4,14.8,,,0
95490,34,200,74.92,25.2803,11.65243,33.03524,43.199535,19.205015,12.853708,32.845181,40.160381,,,,4,14.8,,,0
95993,34,200,74.92,27.402563,7.434597,32.501335,43.156815,20.123863,11.97971,32.950893,40.425793,,,,4,14.8,,,0
96496,34,200,74.92,26.70849,8.302189,32.794983,43.101978,20.96743,11.138812,33.078495,40.717232,,,,4,14.8,,,0
96999,34,200,74.92,25.49386,11.585691,32.581421,42.961777,21.839293,10.564867,33.102524,41.04081,,,,4,14.8,,,0
97503,34,200,74.92,26.027763,10.77149,32.060867,42.677494,22.60918,9.984515,33.088638,41.300407,,,,4,14.8,,,0
98006,34,200,74.92,27.455954,10.117459,31.086493,42.691479,23.459688,9.410035,32.995209,41.564281,,,,4,14.8,,,0
98509,34,200,74.92,28.376936,10.678057,30.846237,43.252304,24.282433,8.900158,32.864403,41.820072,,,,4,14.8,,,0
99012,34,200,74.92,27.549387,11.665777,30.752804,42.904476,25.061928,8.670046,32.625748,42.044136,,,,4,14.8,,,0
99515,34,200,74.92,30.352377,9.757074,29.711693,43.580406,25.825411,8.791242,32.24828,42.239666,,,,4,14.8,,,0
100018,34,200,74.92,26.361452,12.479979,31.887348,43.214336,26.019751,9.147889,32.092911,42.316265,,,,4,14.8,,,0
100521,34,200,74.92,28.630541,12.213028,30.405767,43.512947,26.271217,9.342763,31.892166,42.362415,,,,4,14.8,,,0
101024,34,200,74.92,26.481581,9.089696,31.82061,42.384525,26.403625,9.381205,31.772572,42.363365,,,,4,14.8,,,0
101528,34,200,74.92,26.975441,6.433529,31.433531,41.918152,26.616117,9.320873,31.620943,42.369568,,,,4,14.8,,,0
102031,34,200,74.92,26.815269,7.941805,31.246664,41.934292,26.751728,9.337958,31.502949,42.370842,,,,4,14.8,,,0
102535,34,200,74.92,28.109985,4.831821,30.138815,41.495373,26.957281,9.207686,31.360397,42.366863,,,,4,14.8,,,0
103041,34,200,74.92,25.547251,-0.88094,30.525894,39.81543,27.071001,8.796047,31.272305,42.286716,,,,4,14.8,,,0
103544,34,200,74.92,27.536039,5.205553,30.058729,41.095722,27.339022,8.612919,31.150574,42.331581,,,,4,14.8,,,0
104047,34,200,74.92,25.400427,6.967432,32.781635,42.051903,27.47303,8.349705,31.191151,42.395435,,,,4,14.8,,,0
104550,34,200,74.92,26.548319,5.312333,32.381207,42.208729,27.412165,8.191669,31.276039,42.387745,,,,4,14.8,,,0
105053,34,200,74.92,25.480513,3.203417,32.741592,41.61166,27.238647,8.031498,31.378016,42.320545,,,,4,14.8,,,0
105556,34,200,74.92,25.49386,4.151094,32.781635,41.734928,27.09823,8.13027,31.496008,42.33691,,,,4,14.8,,,0
106059,34,200,74.92,26.21463,-1.441538,31.927389,41.335735,26.942863,7.892149,31.619873,42.284988,,,,4,14.8,,,0
106562,34,200,74.92,25.173519,3.68393,32.75494,41.474854,26.774151,7.670046,31.716509,42.209259,,,,4,14.8,,,0
107066,34,200,74.92,26.014416,-0.54725,31.807262,41.094418,26.745319,7.270687,31.686077,42.097298,,,,4,14.8,,,0
107569,34,200,74.92,25.627337,3.230112,31.486919,40.726162,26.68232,6.953549,31.66205,41.985516,,,,4,14.8,,,0
108072,34,200,74.92,28.483717,3.29685,30.365725,41.764442,26.810457,6.619326,31.555271,41.932697,,,,4,14.8,,,0
108575,34,200,74.92,25.894287,4.030966,31.740524,41.16095,26.750124,6.483181,31.524839,41.849926,,,,4,14.8,,,0
109078,34,200,74.92,27.80299,6.446877,30.872932,42.044102,26.793903,6.408968,31.447956,41.808636,,,,4,14.8,,,0
109581,34,200,74.92,23.051256,7.367859,33.502403,41.328644,26.696199,6.240255,31.484795,41.748295,,,,4,14.8,,,0
110084,34,200,74.92,25.173519,6.486919,32.04752,41.265358,26.662029,6.068872,31.484261,41.700764,,,,4,14.8,,,0
110587,34,200,74.92,24.652964,5.672718,32.674854,41.323051,26.54991,5.891082,31.547796,41.651722,,,,4,14.8,,,0
111091,34,200,74.92,25.453817,5.76615,32.434597,41.6311,26.432985,5.694606,31.61133,41.598167,,,,4,14.8,,,0
111594,34,200,74.92,27.14896,2.576081,32.24773,42.232906,26.416967,5.331018,31.671127,41.585289,,,,4,14.8,,,0
112097,34,200,74.92,27.562735,3.216765,32.341164,42.614586,26.305382,5.069406,31.776306,41.562069,,,,4,14.8,,,0
112600,34,200,74.92,23.9055,3.523759,34.303257,41.959545,26.207144,4.711157,31.872942,41.531841,,,,4,14.8,,,0
113103,34,200,74.92,25.867592,5.672718,32.24773,41.728027,26.096626,4.449544,31.946621,41.489986,,,,4,14.8,,,0
113606,34,200,74.92,25.173519,6.033102,32.167645,41.28997,26.044304,4.32728,31.960503,41.454853,,,,4,14.8,,,0
114109,34,200,74.92,25.400427,8.889482,32.70155,42.350868,25.981304,4.425519,32.011223,41.464825,,,,4,14.8,,,0
114612,34,200,74.92,25.560598,7.434597,33.889484,43.094254,25.931116,4.40523,32.116936,41.512966,,,,4,14.8,,,0
115116,34,200,74.92,25.427122,10.704752,33.582489,43.461636,25.823801,4.640147,32.254684,41.578411,,,,4,14.8,,,0
115622,34,200,74.92,25.654032,7.180993,34.129738,43.295902,25.828072,4.962625,32.398834,41.730103,,,,4,14.8,,,0
116126,34,200,74.92,26.588362,5.739456,33.595837,43.226875,25.790163,4.983981,32.540321,41.819195,,,,4,14.8,,,0
116629,34,200,74.92,27.482649,3.590497,33.262146,43.296165,25.873451,4.848904,32.55954,41.86969,,,,4,14.8,,,0
117132,34,200,74.92,26.788574,5.152163,33.46236,43.172932,25.883062,4.842497,32.602787,41.908524,,,,4,14.8,,,0
117635,34,200,74.92,29.217833,3.470368,32.941807,44.168858,26.032555,4.853175,32.610794,42.008465,,,,4,14.8,,,0
118138,34,200,74.92,27.482649,7.03417,34.410038,44.596256,26.112104,4.968498,32.675934,42.121784,,,,4,14.8,,,0
118641,34,200,74.92,31.019754,5.699413,30.60598,43.94809,26.30431,5.254136,32.623077,42.234913,,,,4,14.8,,,0
119144,34,200,74.92,28.683929,6.833956,32.354511,43.775394,26.444727,5.380136,32.607059,42.325993,,,,4,14.8,,,0
119647,34,200,74.92,30.245596,8.195409,31.567005,44.479622,26.613976,5.729843,32.59745,42.470325,,,,4,14.8,,,0
120151,34,200,74.92,29.778431,12.039509,31.780567,45.185276,26.78002,6.082219,32.609196,42.632412,,,,4,14.8,,,0
120654,34,200,74.92,27.282434,18.419647,31.727177,45.719013,26.731968,6.687131,32.663651,42.734413,,,,4,14.8,,,0
121157,34,200,74.92,23.651896,22.837694,32.75494,46.409679,26.642273,7.439401,32.704227,42.833652,,,,4,14.8,,,0
121660,34,200,74.92,16.457556,27.349173,33.275494,46.109509,26.188454,8.275493,32.800331,42.780609,,,,4,14.8,,,0
122163,34,200,74.92,8.248799,29.391352,33.555794,45.363922,25.596357,9.156432,32.802467,42.603001,,,,4,14.8,,,0
122666,34,200,74.92,1.401495,27.536039,34.877205,44.459164,24.645475,9.998397,32.915657,42.317936,,,,4,14.8,,,0
123169,34,200,74.92,0.333689,23.478378,36.105179,43.068893,23.672705,10.710624,33.052868,42.042912,,,,4,14.8,,,0
123672,34,200,74.92,-2.869728,25.894287,33.849442,42.714565,22.539762,11.51575,33.109463,41.67601,,,,4,14.8,,,0
124176,34,200,74.92,2.295782,21.409504,34.957287,41.05666,21.545637,12.269087,33.217846,41.450817,,,,4,14.8,,,0
124679,34,200,74.92,-5.953017,22.944475,34.196476,41.608727,20.205008,13.058196,33.292057,41.074566,,,,4,14.8,,,0
125182,34,200,74.92,-4.618259,23.932196,33.796051,41.66835,19.064056,13.874534,33.271767,40.779301,,,,4,14.8,,,0
125685,34,200,74.92,-7.020823,22.277096,35.264282,42.298115,17.74852,14.538709,33.392429,40.514668,,,,4,14.8,,,0
126188,34,200,74.92,-7.875067,21.623066,35.250935,42.09753,16.426577,15.162307,33.515762,40.2869,,,,4,14.8,,,0
126691,34,200,74.92,-10.531234,23.518421,33.849442,42.541836,14.98931,15.747464,33.561676,39.988098,,,,4,14.8,,,0
127194,34,200,74.92,-8.101975,21.836626,35.237587,42.23941,13.642808,16.323545,33.615601,39.781815,,,,4,14.8,,,0
127698,34,200,74.92,-10.7181,23.85211,33.809399,42.741974,12.196999,16.849442,33.62468,39.538456,,,,4,14.8,,,0
128204,34,200,74.92,-11.118526,21.849974,35.357716,43.025703,10.726096,17.436199,33.673798,39.408054,,,,4,14.8,,,0
128707,34,200,74.92,-13.707955,23.238121,34.837162,44.062981,9.114244,18.136147,33.72345,39.360645,,,,4,14.8,,,0
129210,34,200,74.92,-13.601175,23.638548,34.209824,43.750256,7.47089,18.938068,33.761356,39.424534,,,,4,14.8,,,0
129713,34,200,74.92,-16.09717,23.985584,32.781635,43.692822,5.75546,19.691406,33.734127,39.482506,,,,4,14.8,,,0
130217,34,200,74.92,-15.029365,20.888948,34.636948,43.150295,3.985573,20.388149,33.801933,39.675335,,,,4,14.8,,,0
130720,34,200,74.92,-17.658836,20.368393,33.529099,43.02216,2.179913,20.921518,33.766697,39.782555,,,,4,14.8,,,0
131223,34,200,74.92,-16.09717,16.510946,35.104111,42.000343,0.295236,21.353979,33.946621,40.105518,,,,4,14.8,,,0
131726,34,200,74.92,-19.474106,19.914576,31.994127,42.419987,-1.631085,21.877205,33.932205,40.406277,,,,4,14.8,,,0
132229,34,200,74.92,-18.913507,16.684464,33.862789,42.222988,-3.597449,22.216768,34.024036,40.794136,,,,4,14.8,,,0
132732,34,200,74.92,-19.660973,21.182596,31.420183,42.690563,-5.575026,22.582491,34.009621,41.203205,,,,4,14.8,,,0
133235,34,200,74.92,-19.367325,19.380672,32.554726,42.550133,-7.441016,22.62093,34.042721,41.544941,,,,4,14.8,,,0
133738,34,200,74.92,-18.286173,23.731981,30.325682,42.629074,-9.118538,22.656702,33.945553,41.818352,,,,4,14.8,,,0
134242,34,200,74.92,-18.646557,20.368393,32.274426,42.475922,-10.522702,22.37747,33.905506,41.965008,,,,4,14.8,,,0
134745,34,200,74.92,-22.263748,18.659904,31.847305,43.105885,-11.743204,21.948214,33.83717,42.006916,,,,4,14.8,,,0
135248,34,200,74.92,-24.399361,13.587828,33.942875,43.955395,-12.775238,21.390284,33.799793,41.9902,,,,4,14.8,,,0
135751,34,200,74.92,-28.830753,17.418581,29.444742,44.73938,-13.941815,21.14789,33.533375,42.024929,,,,4,14.8,,,0
136254,34,200,74.92,-28.804058,14.842499,30.632675,44.590744,-14.979188,20.70582,33.404709,42.059265,,,,4,14.8,,,0
136757,34,200,74.92,-32.234383,19.914576,26.054459,45.983479,-16.360395,20.646023,33.048595,42.262638,,,,4,14.8,,,0
137260,34,200,74.92,-33.956223,17.285105,27.495996,46.987549,-17.480524,20.419649,32.780575,42.392178,,,,4,14.8,,,0
137763,34,200,74.92,-27.883076,26.401495,23.718634,45.134007,-18.411116,20.518421,32.37748,42.52383,,,,4,14.8,,,0
138267,34,200,74.92,-26.468233,19.540844,27.455954,42.851387,-19.189013,20.40897,32.065144,42.578373,,,,4,14.8,,,0
138770,34,200,74.92,-26.494928,20.702084,25.173519,42.003136,-19.933807,20.372129,31.662048,42.601238,,,,4,14.8,,,0
139273,34,200,74.92,-24.986652,21.129206,24.50614,40.881866,-20.512024,20.276562,31.288315,42.553974,,,,4,14.8,,,0
139776,34,200,74.92,-25.520555,18.606514,24.172451,39.771957,-21.208767,20.147358,30.845711,42.511005,,,,4,14.8,,,0
140280,34,200,74.92,-24.519487,19.060331,24.105713,39.313953,-21.760822,19.955687,30.457563,42.419643,,,,4,14.8,,,0
140786,34,200,74.92,-23.398293,22.19701,24.01228,40.209164,-22.252014,19.969568,30.003746,42.357533,,,,4,14.8,,,0
141289,34,200,74.92,-25.920982,25.98772,21.596371,42.587112,-22.740534,20.079552,29.474113,42.297089,,,,4,14.8,,,0
141792,34,200,74.92,-17.979177,30.44581,25.093433,43.357567,-22.915655,20.351843,29.109459,42.269203,,,,4,14.8,,,0
142295,34,200,74.92,-19.594234,28.497065,25.600641,43.028008,-23.055536,20.532303,28.82222,42.235691,,,,4,14.8,,,0
142798,34,200,74.92,-16.083822,26.775229,29.297918,42.824879,-23.097715,20.767754,28.608658,42.228657,,,,4,14.8,,,0
143301,34,200,74.92,-17.925789,24.706354,30.258944,42.980713,-23.108393,20.941273,28.477852,42.231773,,,,4,14.8,,,0
143805,34,200,74.92,-16.577682,23.945543,31.727177,43.06765,-23.127615,21.238655,28.342773,42.299881,,,,4,14.8,,,0
144308,34,200,74.92,-19.380672,25.026695,30.205553,43.75296,-23.123877,21.44314,28.271231,42.353092,,,,4,14.8,,,0
144811,34,200,74.92,-18.820076,23.158035,32.381207,44.034447,-23.12014,21.702082,28.211967,42.443333,,,,4,14.8,,,0
145314,34,200,74.92,-23.158035,24.452749,28.897491,44.376759,-23.260021,21.832888,28.111059,42.519821,,,,4,14.8,,,0
145817,34,200,74.92,-18.633209,18.352911,34.063,42.945473,-23.230658,21.791777,28.171392,42.52261,,,,4,14.8,,,0
146320,34,200,74.92,-18.312868,17.391886,34.410038,42.683598,-23.231724,21.538174,28.334766,42.502529,,,,4,14.8,,,0
146823,34,200,74.92,-17.378538,15.149493,35.664711,42.467545,-23.181004,21.329418,28.470375,42.460163,,,,4,14.8,,,0
147326,34,200,74.92,-18.780033,19.741058,33.902832,43.494839,-23.041655,21.372665,28.552597,42.461269,,,,4,14.8,,,0
147830,34,200,74.92,-21.155901,17.645489,34.022957,43.777813,-22.911917,21.534973,28.555801,42.475224,,,,4,14.8,,,0
148333,34,200,74.92,-19.474106,20.27496,33.40897,43.663189,-22.537651,21.649229,28.714371,42.439957,,,,4,14.8,,,0
148836,34,200,74.92,-17.979177,20.301655,33.91618,43.424824,-22.104656,21.867596,28.845711,42.413235,,,,4,14.8,,,0
149339,34,200,74.92,-19.087027,22.370529,32.661507,43.949165,-21.578762,21.965832,29.109993,42.373722,,,,4,14.8,,,0
149842,34,200,74.92,-21.476242,21.769888,32.861721,44.889305,-21.079563,22.145226,29.324621,42.363811,,,,4,14.8,,,0
150345,34,200,74.92,-22.156967,23.278164,33.582489,46.482121,-20.850517,22.02029,29.719175,42.460178,,,,4,14.8,,,0
150848,34,200,74.92,-24.212494,23.41164,33.822746,47.731834,-20.760288,22.175121,29.973848,42.675018,,,,4,14.8,,,0
151351,34,200,74.92,-21.369461,24.639616,33.996265,47.111683,-20.555269,22.332624,30.326757,42.906612,,,,4,14.8,,,0
151855,34,200,74.92,-19.527496,26.454885,32.98185,46.57238,-20.336903,22.545652,30.665787,43.154217,,,,4,14.8,,,0
152358,34,200,74.92,-12.800321,26.094501,35.184196,45.636597,-19.828093,22.845171,31.106255,43.389565,,,,4,14.8,,,0
152862,34,200,74.92,-13.227443,26.441538,34.490124,45.427841,-19.37641,23.140419,31.521631,43.641006,,,,4,14.8,,,0
153368,34,200,74.92,-12.533369,25.333691,35.411106,45.30814,-18.941813,23.265886,31.977583,43.848141,,,,4,14.8,,,0
153871,34,200,74.92,-11.745863,25.573946,34.863857,44.804916,-18.374809,23.249336,32.508282,43.988106,,,,4,14.8,,,0
154374,34,200,74.92,-10.250935,24.893221,34.930592,44.101025,-18.06568,23.027231,32.901768,44.035763,,,,4,14.8,,,0
154877,34,200,74.92,-9.997331,25.266953,34.3433,43.793011,-17.681803,22.898027,33.251476,44.075237,,,,4,14.8,,,0
155380,34,200,74.92,-11.238655,23.558462,35.130806,43.76622,-17.487997,22.769356,33.484791,44.107876,,,,4,14.8,,,0
155883,34,200,74.92,-11.171917,22.517353,35.130806,43.197414,-17.217842,22.681795,33.679665,44.104847,,,,4,14.8,,,0
156386,34,200,74.92,-10.4378,22.370529,35.024025,42.849396,-16.972246,22.618793,33.811539,44.078194,,,,4,14.8,,,0
156889,34,200,74.92,-10.664709,21.729845,34.99733,42.552734,-16.623608,22.486919,34.003212,44.025269,,,,4,14.8,,,0
157393,34,200,74.92,-9.223171,23.07795,34.436733,42.468189,-16.239731,22.483715,34.085434,43.943863,,,,4,14.8,,,0
157896,34,200,74.92,-6.473572,23.558462,34.650295,42.397537,-15.572353,22.447945,34.315544,43.863026,,,,4,14.8,,,0
158399,34,200,74.92,-8.662574,25.77416,33.12867,42.858562,-15.173528,22.744795,34.278172,43.846947,,,,4,14.8,,,0
158902,34,200,74.92,-9.930593,25.373734,34.329952,43.829086,-14.838238,23.06407,34.274967,43.896446,,,,4,14.8,,,0
159405,34,200,74.92,-11.118526,28.056595,33.368927,44.991993,-14.587837,23.580355,34.183136,44.015053,,,,4,14.8,,,0
159908,34,200,74.92,-13.360919,25.093433,35.170849,45.223701,-14.371072,23.794449,34.233856,44.098305,,,,4,14.8,,,0
160411,34,200,74.92,-15.269621,24.399361,34.890553,45.230972,-14.13562,24.064602,34.268562,44.195644,,,,4,14.8,,,0
160914,34,200,74.92,-15.803524,22.97117,35.731449,45.322872,-13.988796,24.172451,34.361462,44.279835,,,,4,14.8,,,0
161418,34,200,74.92,-15.790176,24.412708,34.303257,44.966915,-13.901237,24.336895,34.376942,44.35429,,,,4,14.8,,,0
161921,34,200,74.92,-11.906034,23.13134,34.863857,43.500587,-13.613997,24.367327,34.465038,44.350269,43.06771,-89.410913,,4,14.8,1.12,264.8,1
162424,34,200,74.92,-8.235452,21.623066,35.464497,42.345131,-13.084365,24.361452,34.569149,44.268578,43.06771,-89.410913,,4,14.8,1.12,264.8,0
162927,34,200,74.92,-7.63481,21.743193,35.090763,41.981167,-12.503479,24.300055,34.629478,44.113834,43.067715,-89.410929,,4,14.8,1.06,261.2,1
163430,34,200,74.92,-5.405766,21.54298,35.504539,41.879524,-11.751209,24.225307,34.696754,43.918346,43.067715,-89.410929,,4,14.8,1.06,261.2,0
163933,34,200,74.92,-5.138815,21.636414,35.531235,41.91671,-11.101984,24.105181,34.758152,43.731487,43.067719,-89.410938,,4,14.8,1.12,266,1
164436,34,200,74.92,-4.765083,19.634277,36.465565,41.688705,-10.511487,23.832355,34.897499,43.546616,43.067719,-89.410938,,4,14.8,1.12,266,0
164939,34,200,74.92,-4.28457,19.434063,36.318741,41.413662,-10.170856,23.565937,34.942883,43.356716,43.06772,-89.41095,,4,14.8,1.12,268.7,1
165443,34,200,74.92,-2.923118,18.860119,37.14629,41.762371,-9.758684,23.26268,35.049129,43.183628,43.06772,-89.41095,,4,14.8,1.12,268.7,0
165949,34,200,74.92,-4.244528,18.793381,37.560066,42.213337,-9.42713,23.00107,35.135086,43.039452,43.067719,-89.410964,,4,14.8,1.13,267.8,1
166452,34,200,74.92,-5.646023,18.593166,37.773624,42.478584,-9.183137,22.721838,35.25148,42.933422,43.067719,-89.410964,,4,14.8,1.13,267.8,0
166956,34,200,74.92,-7.047517,17.912441,38.387615,42.943359,-9.055,22.442608,35.389759,42.873055,43.067717,-89.410978,,4,14.8,1.2,265.6,1
167459,34,200,74.92,-9.39669,15.763481,39.468769,43.526646,-9.030974,22.062468,35.59478,42.840393,43.067717,-89.410978,,4,14.8,1.2,265.6,0
167962,34,200,74.92,-5.565937,10.731447,41.364124,43.094482,-8.804066,21.549387,35.844112,42.739769,43.067714,-89.410988,,4,14.8,0.99,265.6,1
168465,34,200,74.92,-4.391351,7.234384,41.564335,42.417145,-8.532843,20.938068,36.101456,42.597267,43.067714,-89.410988,,4,14.8,0.99,265.6,0
168968,34,200,74.92,-1.615056,5.872931,41.81794,42.259197,-8.179934,20.278166,36.373215,42.439674,43.067705,-89.410995,,4,14.8,0.83,265.6,1
169471,34,200,74.92,-6.260011,9.970635,41.017086,42.673206,-8.003746,19.807796,36.614002,42.390965,43.067705,-89.410995,,4,14.8,0.83,265.6,0
169974,34,200,74.92,-10.024026,13.387614,40.349709,43.678467,-8.03578,19.420183,36.850521,42.422615,43.067697,-89.411004,,4,14.8,1.03,265.6,1
170478,34,200,74.92,-7.941805,18.446342,39.72237,44.510746,-8.094509,19.215698,37.053406,42.517281,43.067697,-89.411004,,4,14.8,1.03,265.6,0
170981,34,200,74.92,-8.84944,23.331554,38.120663,45.561596,-8.101984,19.117994,37.253086,42.648941,43.067697,-89.411004,,4,14.8,1.03,265.6,0
171484,34,200,74.92,-8.51575,19.967966,40.483185,45.936108,-8.04539,18.901764,37.499218,42.757412,43.067697,-89.411004,,4,14.8,1.03,265.6,0
171987,34,200,74.92,-10.464496,18.01922,40.803524,45.816216,-8.019229,18.500269,37.7966,42.838661,43.067697,-89.411004,,4,14.8,1.03,265.6,0
172490,34,200,74.92,-10.411105,12.213028,42.405231,45.340412,-7.901236,17.985052,38.085976,42.853626,43.067697,-89.411004,,4,14.8,1.03,265.6,0
172993,34,200,74.92,-10.210892,11.131874,42.658836,45.25436,-7.698887,17.454353,38.396706,42.874634,43.067697,-89.411004,,4,14.8,1.03,265.6,0
173496,34,200,74.92,-9.196477,11.865991,42.778965,45.336704,-7.434605,17.010145,38.678608,42.902832,43.067697,-89.411004,,4,14.8,1.03,265.6,0
173999,34,200,74.92,-6.09984,8.208756,43.513081,44.698769,-7.046991,16.361988,39.047001,42.919029,43.067697,-89.411004,,4,14.8,1.03,265.6,0
174503,34,200,74.92,-10.304325,9.877203,42.258411,44.603943,-6.982923,15.831821,39.342785,42.97979,43.067697,-89.411004,,4,14.8,1.03,265.6,0
175006,34,200,74.92,-7.768286,8.208756,42.618793,44.091854,-6.964236,15.295249,39.628956,43.045319,43.067697,-89.411004,,4,14.8,1.03,265.6,0
175509,34,200,74.92,-11.892686,10.090764,41.44421,44.281849,-7.134552,14.829151,39.883095,43.144718,43.067697,-89.411004,,4,14.8,1.03,265.6,0
176012,34,200,74.92,-12.14629,8.982915,41.510944,44.174469,-7.404172,14.326749,40.123348,43.243042,43.067697,-89.411004,,4,14.8,1.03,265.6,0
176515,34,200,74.92,-11.105179,8.07528,41.684464,43.887695,-7.642827,13.784305,40.369476,43.337219,43.067697,-89.411004,,4,14.8,1.03,265.6,0
177018,34,200,74.92,-12.479979,9.076348,40.696743,43.524185,-7.951423,13.361987,40.538727,43.418385,43.067697,-89.411004,,4,14.8,1.03,265.6,0
177521,34,200,74.92,-9.289909,6.954084,40.843567,42.460083,-8.151636,12.862788,40.719719,43.474083,43.067697,-89.411004,,4,14.8,1.03,265.6,0
178025,34,200,74.92,-10.144154,9.063001,39.655632,41.92387,-8.440478,12.470903,40.820091,43.509136,43.067697,-89.411004,,4,14.8,1.03,265.6,0
178531,34,200,74.92,-7.901762,7.327816,39.695675,41.132484,-8.586767,12.01228,40.905518,43.488949,43.067697,-89.411004,,4,14.8,1.03,265.6,0
179034,34,200,74.92,-8.355579,6.353444,39.548855,40.918137,-8.69515,11.522692,40.976528,43.444839,43.067697,-89.411004,,4,14.8,1.03,265.6,0
179537,34,200,74.92,-9.610251,6.687133,40.22958,41.898613,-8.797659,11.073679,41.050205,43.418251,43.067697,-89.411004,,4,14.8,1.03,265.6,0
180041,34,200,74.92,-11.852643,6.567005,40.670048,42.867977,-8.895897,10.70582,41.098255,43.391453,43.067697,-89.411004,,4,14.8,1.03,265.6,0
180544,34,200,74.92,-13.294181,7.768286,40.696743,43.512142,-9.205027,10.587294,41.071564,43.401573,43.067697,-89.411004,,4,14.8,1.03,265.6,0
181047,34,200,74.92,-11.558996,8.262147,40.937,43.332569,-9.491733,10.628405,41.046471,43.449612,43.067697,-89.411004,,4,14.8,1.03,265.6,0
181550,34,200,74.92,-12.413241,10.344368,40.670048,43.762398,-9.92366,10.807262,41.000553,43.546772,43.067697,-89.411004,,4,14.8,1.03,265.6,0
182053,34,200,74.92,-12.052856,10.224239,41.070477,44.00671,-10.155375,10.817406,41.002686,43.604679,43.067697,-89.411004,,4,14.8,1.03,265.6,0
182556,34,200,74.92,-13.000534,11.518954,40.683395,44.236172,-10.274435,10.74266,41.016037,43.626644,43.067697,-89.411004,,4,14.8,1.03,265.6,0
183059,34,200,74.92,-13.374267,10.998399,40.990391,44.49773,-10.491734,10.444742,41.066757,43.653725,43.067697,-89.411004,,4,14.8,1.03,265.6,0
183562,34,200,74.92,-13.307528,9.770422,41.377472,44.549374,-10.670057,9.902297,41.197033,43.69326,43.067697,-89.411004,,4,14.8,1.03,265.6,0
184066,34,200,74.92,-14.628938,8.582488,41.337429,44.681629,-10.914585,9.446878,41.231201,43.685051,43.067697,-89.411004,,4,14.8,1.03,265.6,0
184569,34,200,74.92,-13.107315,9.049653,41.337429,44.299896,-11.020298,9.088095,41.25256,43.655632,43.067697,-89.411004,,4,14.8,1.03,265.6,0
185072,34,200,74.92,-14.575547,11.065136,40.870262,44.780155,-11.186875,9.042179,41.191162,43.630482,43.067697,-89.411004,,4,14.8,1.03,265.6,0
185575,34,200,74.92,-13.053925,10.104112,41.497597,44.66037,-11.300595,9.001069,41.144711,43.607452,43.067697,-89.411004,,4,14.8,1.03,265.6,0
186078,34,200,74.92,-14.12173,10.197544,41.030434,44.574764,-11.497606,8.934332,41.074772,43.579285,43.067697,-89.411004,,4,14.8,1.03,265.6,0
186581,34,200,74.92,-14.06834,8.836092,41.350777,44.563229,-11.816346,8.959425,40.988277,43.588257,43.067697,-89.411004,,4,14.8,1.03,265.6,0
187084,34,200,74.92,-11.785905,8.235452,41.924721,44.321693,-11.875609,8.893755,40.974926,43.578362,43.067697,-89.411004,,4,14.8,1.03,265.6,0
187587,34,200,74.92,-13.160705,8.475708,41.831287,44.664284,-12.091306,8.904433,40.943428,43.610237,43.067697,-89.411004,,4,14.8,1.03,265.6,0
188091,34,200,74.92,-10.864923,8.288841,41.857983,44.032284,-12.050196,8.832355,40.959976,43.599739,43.067697,-89.411004,,4,14.8,1.03,265.6,0
188594,34,200,74.92,-12.920449,9.703684,41.003738,44.072735,-12.081162,8.861187,40.93969,43.595108,43.067697,-89.411004,,4,14.8,1.03,265.6,0
189097,34,200,74.92,-11.412173,9.45008,41.577682,44.138931,-12.093442,8.916179,40.935421,43.605713,43.067697,-89.411004,,4,14.8,1.03,265.6,0
189600,34,200,74.92,-13.294181,10.27763,41.057129,44.36274,-12.126011,8.96423,40.949837,43.638134,43.067697,-89.411004,,4,14.8,1.03,265.6,0
190103,34,200,74.92,-12.466631,10.050721,41.2173,44.218773,-12.253079,9.088095,40.964787,43.713215,43.067697,-89.411004,,4,14.8,1.03,265.6,0
190607,34,200,74.92,-12.466631,11.31874,41.297386,44.598263,-12.345979,9.178325,41.030453,43.819664,43.067697,-89.411004,,4,14.8,1.03,265.6,0
191113,34,200,74.92,-12.119595,11.118526,41.404167,44.55122,-12.514692,9.329953,41.098793,43.963352,43.067697,-89.411004,,4,14.8,1.03,265.6,0
191616,34,200,74.92,-9.570209,10.544581,41.911373,44.264435,-12.563277,9.497599,41.193295,44.101337,43.067697,-89.411004,,4,14.8,1.03,265.6,0
192119,34,200,74.92,-11.679125,11.425521,41.457554,44.560894,-12.646032,9.687134,41.242416,44.211983,43.067697,-89.411004,,4,14.8,1.03,265.6,0
192622,34,200,74.92,-10.33102,8.40897,42.458622,44.499161,-12.585167,9.760813,41.313961,44.277573,43.067697,-89.411004,,4,14.8,1.03,265.6,0
193125,34,200,74.92,-12.479979,9.036305,41.350777,44.128124,-12.552599,9.811533,41.340122,44.303947,43.067697,-89.411004,,4,14.8,1.03,265.6,0
193629,34,200,74.92,-12.319808,7.888414,41.577682,44.076164,-12.583031,9.796584,41.365746,44.333179,43.067697,-89.411004,,4,14.8,1.03,265.6,0
194132,34,200,74.92,-11.558996,8.809397,41.791245,44.246174,-12.548862,9.735185,41.410595,44.351833,43.067697,-89.411004,,4,14.8,1.03,265.6,0
194635,34,200,74.92,-12.573412,6.900694,41.644421,44.045067,-12.569684,9.602243,41.433556,44.350193,43.067697,-89.411004,,4,14.8,1.03,265.6,0
195138,34,200,74.92,-11.665777,8.502402,42.018154,44.428669,-12.516294,9.481581,41.486942,44.359039,43.067697,-89.411004,,4,14.8,1.03,265.6,0
195641,34,200,74.92,-13.000534,9.583556,41.697811,44.716507,-12.501346,9.424987,41.51524,44.369236,43.067697,-89.411004,,4,14.8,1.03,265.6,0
196144,34,200,74.92,-10.744795,8.435665,42.218369,44.373436,-12.398835,9.371596,41.548878,44.360649,43.067697,-89.411004,,4,14.8,1.03,265.6,0
196647,34,200,74.92,-12.012814,9.757074,41.564335,44.352024,-12.29419,9.41858,41.557953,44.349976,43.067697,-89.411004,,4,14.8,1.03,265.6,0
197150,34,200,74.92,-9.877203,10.931661,42.178326,44.677418,-12.164987,9.49386,41.591591,44.361927,43.067697,-89.411004,,4,14.8,1.03,265.6,0
197654,34,200,74.92,-12.092899,11.892686,41.604378,44.928814,-12.065681,9.526962,41.620956,44.369446,43.067697,-89.411004,,4,14.8,1.03,265.6,0
198157,34,200,74.92,-12.960491,10.010678,41.577682,44.686596,-12.061943,9.523225,41.624161,44.370632,43.067697,-89.411004,,4,14.8,1.03,265.6,0
198660,34,200,74.92,-11.358783,9.850508,41.671116,44.300522,-11.951426,9.509344,41.649784,44.361794,43.067697,-89.411004,,4,14.8,1.03,265.6,0
199163,34,200,74.92,-12.052856,9.089696,41.777897,44.421692,-11.870807,9.519488,41.66687,44.358368,43.067697,-89.411004,,4,14.8,1.03,265.6,0
199666,34,200,74.92,-10.651361,9.236519,42.09824,44.396244,-11.825425,9.55953,41.673809,44.361374,43.067697,-89.411004,,4,14.8,1.03,265.6,0
200169,34,200,74.92,-12.827016,8.182061,41.364124,44.073452,-11.812078,9.547785,41.655121,44.33773,43.067697,-89.411004,,4,14.8,1.03,265.6,0
200672,34,200,74.92,-10.371062,7.247731,41.791245,43.664593,-11.792323,9.506141,41.652451,44.321014,43.067697,-89.411004,,4,14.8,1.03,265.6,0
201175,34,200,74.92,-11.37213,10.931661,41.190605,44.107738,-11.730391,9.55526,41.659927,44.322166,43.067697,-89.411004,,4,14.8,1.03,265.6,0
201679,34,200,74.92,-10.584624,9.556861,42.031502,44.38485,-11.697289,9.559531,41.678082,44.331406,43.067697,-89.411004,,4,14.8,1.03,265.6,0
202182,34,200,74.92,-11.612387,9.583556,41.831287,44.458393,-11.630017,9.531768,41.709049,44.336857,43.067697,-89.411004,,4,14.8,1.03,265.6,0
202685,34,200,74.92,-11.238655,9.022958,42.044849,44.446491,-11.580898,9.490658,41.742149,44.346329,43.067697,-89.411004,,4,14.8,1.03,265.6,0
203189,34,200,74.92,-9.276562,5.859584,42.15163,43.556278,-11.453296,9.272292,41.776318,44.299145,43.067697,-89.411004,,4,14.8,1.03,265.6,0
203695,34,200,74.92,-11.732515,8.182061,41.497597,43.893604,-11.437813,9.154834,41.780052,44.274227,43.067697,-89.411004,,4,14.8,1.03,265.6,0
204198,34,200,74.92,-9.903897,7.060865,42.018154,43.74321,-11.451159,9.015485,41.784325,44.253109,43.067697,-89.411004,,4,14.8,1.03,265.6,0
204701,34,200,74.92,-10.851575,9.516818,41.470901,43.910843,-11.418057,8.939137,41.784859,44.229568,43.067697,-89.411004,,4,14.8,1.03,265.6,0
205204,34,200,74.92,-10.357716,7.808329,41.857983,43.82172,-11.419126,8.915111,41.760834,44.202293,43.067697,-89.411004,,4,14.8,1.03,265.6,0
205707,34,200,74.92,-12.907102,9.703684,40.963696,44.03157,-11.436211,8.941806,41.74535,44.197475,43.067697,-89.411004,,4,14.8,1.03,265.6,0
206210,34,200,74.92,-11.70582,6.513615,41.831287,43.923912,-11.411652,8.886813,41.755497,44.189625,43.067697,-89.411004,,4,14.8,1.03,265.6,0
206713,34,200,74.92,-12.840364,8.195409,41.350777,44.067295,-11.462907,8.862254,41.737881,44.181313,43.067697,-89.411004,,4,14.8,1.03,265.6,0
207217,34,200,74.92,-12.172985,7.327816,41.657768,44.014183,-11.44689,8.879339,41.738415,44.181095,43.067697,-89.411004,,4,14.8,1.03,265.6,0
207720,34,200,74.92,-11.038442,7.154298,41.857983,43.876209,-11.421796,8.825415,41.732006,44.157738,43.067697,-89.411004,,4,14.8,1.03,265.6,0
208223,34,200,74.92,-12.026161,7.674853,41.844635,44.209789,-11.382821,8.749066,41.737881,44.138027,43.067697,-89.411004,,4,14.8,1.03,265.6,0
208726,34,200,74.92,-10.170849,7.674853,42.418579,44.290916,-11.359863,8.718634,41.745888,44.133663,43.067697,-89.411004,,4,14.8,1.03,265.6,0
209229,34,200,74.92,-14.375334,7.714896,41.564335,44.651581,-11.454364,8.636947,41.745888,44.142025,43.067697,-89.411004,,4,14.8,1.03,265.6,0
209732,34,200,74.92,-10.317673,8.635879,41.951416,44.056259,-11.471982,8.545116,41.736813,44.12014,43.067697,-89.411004,,4,14.8,1.03,265.6,0
210235,34,200,74.92,-13.200747,7.08756,41.030434,43.680542,-11.516296,8.352911,41.713852,44.073139,43.067697,-89.411004,,4,14.8,1.03,265.6,0
210738,34,200,74.92,-10.998399,11.825948,40.910305,43.98262,-11.437813,8.425521,41.687157,44.041252,43.067697,-89.411004,,4,14.8,1.03,265.6,0
211242,34,200,74.92,-11.825948,12.172985,40.710091,44.106079,-11.456499,8.51842,41.648716,44.027611,43.067697,-89.411004,,4,14.8,1.03,265.6,0
211745,34,200,74.92,-8.969567,12.106247,41.524292,44.173309,-11.333168,8.639083,41.638569,44.009598,43.067697,-89.411004,,4,14.8,1.03,265.6,0
212248,34,200,74.92,-12.186333,13.561132,40.683395,44.581944,-11.394567,8.812067,41.581978,44.006245,43.067697,-89.411004,,4,14.8,1.03,265.6,0
212751,34,200,74.92,-8.07528,17.338495,40.670048,44.943146,-11.204497,9.178325,41.554214,44.006081,43.067697,-89.411004,,4,14.8,1.03,265.6,0
213254,34,200,74.92,-9.850508,15.790176,40.309666,44.398552,-11.183674,9.520022,41.494949,44.017452,43.067697,-89.411004,,4,14.8,1.03,265.6,0
213757,34,200,74.92,-16.938068,14.642285,39.495464,45.400288,-11.406312,9.668447,41.427143,44.04306,43.067697,-89.411004,,4,14.8,1.03,265.6,0
214260,34,200,74.92,-12.786973,9.757074,41.524292,44.530598,-11.494407,9.676455,41.406857,44.048641,43.067697,-89.411004,,4,14.8,1.03,265.6,0
214763,34,200,74.92,-12.680193,8.021891,42.084892,44.679707,-11.537119,9.613989,41.417004,44.055672,43.067697,-89.411004,,4,14.8,1.03,265.6,0
215267,34,200,74.92,-10.250935,7.941805,43.126003,45.03339,-11.49761,9.570744,41.460251,44.076599,43.067697,-89.411004,,4,14.8,1.03,265.6,0
215771,34,200,74.92,-11.478911,9.143086,42.084892,44.570164,-11.585705,9.702084,41.457577,44.125839,43.067697,-89.411004,,4,14.8,1.03,265.6,0
216277,34,200,74.92,-11.732515,5.99306,42.405231,44.404644,-11.585705,9.614524,41.493881,44.140797,43.067697,-89.411004,,4,14.8,1.03,265.6,0
216780,34,200,74.92,-11.532301,5.832889,42.391884,44.318035,-11.650841,9.565405,41.508835,44.161324,43.067697,-89.411004,,4,14.8,1.03,265.6,0
217283,34,200,74.92,-10.557929,4.404698,42.538708,44.050117,-11.639095,9.36092,41.551544,44.154572,43.067697,-89.411004,,4,14.8,1.03,265.6,0
217786,34,200,74.92,-10.27763,3.990924,42.899094,44.293221,-11.635892,9.208224,41.593189,44.160828,43.067697,-89.411004,,4,14.8,1.03,265.6,0
218289,34,200,74.92,-12.840364,9.143086,42.111588,44.965061,-11.633223,9.185801,41.639107,44.198711,43.067697,-89.411004,,4,14.8,1.03,265.6,0
218792,34,200,74.92,-11.719168,11.065136,42.15163,45.127995,-11.633756,9.367862,41.65192,44.249107,43.067697,-89.411004,,4,14.8,1.03,265.6,0
219295,34,200,74.92,-13.494394,13.761346,41.003738,45.307613,-11.659917,9.590499,41.638039,44.290604,43.067697,-89.411004,,4,14.8,1.03,265.6,0
219798,34,200,74.92,-11.051789,15.896957,40.843567,45.200134,-11.615069,9.933264,41.605469,44.32375,43.067697,-89.411004,,4,14.8,1.03,265.6,0
220302,34,200,74.92,-9.169782,21.089163,39.361988,45.587322,-11.540323,10.490659,41.50563,44.339039,43.067697,-89.411004,,4,14.8,1.03,265.6,0
220805,34,200,74.92,-8.182061,19.514149,39.802456,45.07753,-11.38656,10.964231,41.423939,44.337463,43.067697,-89.411004,,4,14.8,1.03,265.6,0
221308,34,200,74.92,-10.210892,15.563268,39.802456,43.93988,-11.388162,11.279768,41.319298,44.319382,43.067697,-89.411004,,4,14.8,1.03,265.6,0
221811,34,200,74.92,-9.970635,16.978111,39.615589,44.238724,-11.211974,11.650296,41.241348,44.297703,43.067697,-89.411004,,4,14.8,1.03,265.6,0
222314,34,200,74.92,-9.663642,20.448479,38.988255,45.073387,-11.185813,12.1228,41.122822,44.307686,43.067697,-89.411004,,4,14.8,1.03,265.6,0
222817,34,200,74.92,-11.892686,22.69087,36.906033,44.926239,-11.13349,12.746932,40.957848,44.31686,43.067697,-89.411004,,4,14.8,1.03,265.6,0
223320,34,200,74.92,-7.274426,23.198078,37.239723,44.473194,-10.984531,13.201818,40.811024,44.277393,43.067697,-89.411004,,4,14.8,1.03,265.6,0
223823,34,200,74.92,-6.873999,18.633209,38.454353,43.280315,-10.786454,13.460227,40.720795,44.223392,43.067697,-89.411004,,4,14.8,1.03,265.6,0
224327,34,200,74.92,-4.471437,16.938068,38.881474,42.64576,-10.606528,13.6535,40.615082,44.14183,43.067697,-89.411004,,4,14.8,1.03,265.6,0
224830,34,200,74.92,-5.525895,17.271757,38.454353,42.51572,-10.340111,13.801925,40.525917,44.042717,43.067697,-89.411004,,4,14.8,1.03,265.6,0
225333,34,200,74.92,-6.793914,15.736786,38.921516,42.528675,-10.288857,13.737857,40.455978,43.946281,43.067697,-89.411004,,4,14.8,1.03,265.6,0
225836,34,200,74.92,-7.314469,19.113722,38.08062,43.231579,-10.187414,13.870798,40.366814,43.882366,43.067697,-89.411004,,4,14.8,1.03,265.6,0
226339,34,200,74.92,-8.008543,21.342766,37.132942,43.571846,-9.830234,14.138817,40.272312,43.79953,43.067697,-89.411004,,4,14.8,1.03,265.6,0
226842,34,200,74.92,-8.582488,21.516285,35.864922,42.695457,-9.662054,14.609186,40.045937,43.708817,43.067697,-89.411004,,4,14.8,1.03,265.6,0
227345,34,200,74.92,-6.04645,22.463963,35.864922,42.749054,-9.396705,15.186869,39.797138,43.620537,43.067697,-89.411004,,4,14.8,1.03,265.6,0
227849,34,200,74.92,-1.348105,23.758677,35.878269,43.052784,-9.040591,15.819544,39.507229,43.506451,43.067697,-89.411004,,4,14.8,1.03,265.6,0
228352,34,200,74.92,3.096637,26.308064,34.85051,43.775124,-8.457569,16.506142,39.217854,43.38229,43.067697,-89.411004,,4,14.8,1.03,265.6,0
228858,34,200,74.92,4.271223,24.946609,35.945007,43.961578,-7.81742,17.264284,38.959446,43.324429,43.067697,-89.411004,,4,14.8,1.03,265.6,0
229362,34,200,74.92,4.951949,25.333691,36.011745,44.307602,-7.15805,18.044317,38.704239,43.299576,43.067697,-89.411004,,4,14.8,1.03,265.6,0
229865,34,200,74.92,2.282435,26.21463,35.504539,44.192631,-6.644435,18.916714,38.422874,43.339451,43.067697,-89.411004,,4,14.8,1.03,265.6,0
230368,34,200,74.92,0.98772,24.733049,36.065136,43.742352,-6.193821,19.746399,38.149513,43.401257,43.067697,-89.411004,,4,14.8,1.03,265.6,0
230871,34,200,74.92,1.748532,25.253605,36.091831,44.084263,-5.610266,20.39082,37.908722,43.40889,43.067697,-89.411004,,4,14.8,1.03,265.6,0
231374,34,200,74.92,5.352376,25.186867,35.491192,43.848042,-4.927403,20.955688,37.642303,43.363155,43.067697,-89.411004,,4,14.8,1.03,265.6,0
231877,34,200,74.92,4.297918,24.759745,35.664711,43.62899,-4.215711,21.395624,37.428741,43.318077,43.067697,-89.411004,,4,14.8,1.03,265.6,0
232380,34,200,74.92,6.727176,25.427122,34.890553,43.693752,-3.504553,21.776831,37.190624,43.239506,43.067697,-89.411004,,4,14.8,1.03,265.6,0
232883,34,200,74.92,5.205553,25.694075,35.33102,43.995049,-2.929539,21.961027,37.029385,43.151413,43.067697,-89.411004,,4,14.8,1.03,265.6,0
233387,34,200,74.92,6.873999,26.575014,35.05072,44.520065,-2.327297,22.243462,36.839317,43.096672,43.067697,-89.411004,,4,14.8,1.03,265.6,0
233890,34,200,74.92,5.99306,26.828617,36.118526,45.389862,-1.679139,22.694075,36.691959,43.175694,43.067697,-89.411004,,4,14.8,1.03,265.6,0
234393,34,200,74.92,8.368927,24.666311,37.092899,45.324928,-0.945556,23.001602,36.591049,43.230461,43.067697,-89.411004,,4,14.8,1.03,265.6,0
234896,34,200,74.92,7.594768,25.533903,36.278698,45.008942,-0.25522,23.205019,36.48267,43.237984,43.067697,-89.411004,,4,14.8,1.03,265.6,0
235399,34,200,74.92,9.303257,24.279232,36.892685,45.134266,0.592618,23.268555,36.482132,43.274967,43.067697,-89.411004,,4,14.8,1.03,265.6,0
235902,34,200,74.92,11.865991,25.707422,35.731449,45.589581,1.358234,23.368929,36.421803,43.295486,43.067697,-89.411004,,4,14.8,1.03,265.6,0
236405,34,200,74.92,12.813668,25.507208,35.170849,45.296761,2.145741,23.643888,36.290462,43.366291,43.067697,-89.411004,,4,14.8,1.03,265.6,0
236908,34,200,74.92,15.816872,21.689802,35.638016,44.617138,2.957273,23.833958,36.160721,43.409683,43.067697,-89.411004,,4,14.8,1.03,265.6,0
237412,34,200,74.92,18.259478,21.502937,35.584625,45.409805,3.908688,24.003206,36.045933,43.482655,43.067697,-89.411004,,4,14.8,1.03,265.6,0
237915,34,200,74.92,21.222637,17.672184,36.105179,45.456467,5.029351,24.080622,35.933277,43.547344,43.067697,-89.411004,,4,14.8,1.03,265.6,0
238418,34,200,74.92,22.730913,15.509877,35.998398,45.311539,6.231166,23.93647,35.849991,43.554607,43.067697,-89.411004,,4,14.8,1.03,265.6,0
238921,34,200,74.92,22.984518,12.933796,36.372131,44.927753,7.470888,23.600109,35.819557,43.541016,43.067516,-89.411594,,4,14.8,0.89,16.4,1
239424,34,200,74.92,24.145756,12.386546,36.585693,45.551697,8.780018,23.234919,35.848389,43.612579,43.067516,-89.411594,,4,14.8,0.89,16.4,0
239927,34,200,74.92,21.970102,11.545649,37.773624,45.197723,9.90068,22.798185,35.924736,43.684864,43.067522,-89.411585,,4,14.8,1.08,31.9,1
240430,34,200,74.92,20.32835,14.855846,37.052856,44.797905,10.767738,22.442072,35.971718,43.744202,43.067522,-89.411585,,4,14.8,1.08,31.9,0
240934,34,200,74.92,20.942339,14.268554,36.639084,44.548801,11.481566,21.960493,36.043262,43.740215,43.06753,-89.411574,,4,14.8,1.25,37.2,1
241440,34,200,74.92,20.074747,13.52109,37.680195,44.784065,12.113708,21.503471,36.112667,43.740894,43.06753,-89.411574,,4,14.8,1.25,37.2,0
241943,34,200,74.92,20.541912,12.64015,37.920448,44.941116,12.737306,20.995729,36.189014,43.734474,43.067537,-89.411562,,4,14.8,1.16,46.1,1
242446,34,200,74.92,19.781101,13.614523,37.973839,44.929497,13.437252,20.491726,36.287788,43.78669,43.067537,-89.411562,,4,14.8,1.16,46.1,0
242950,34,200,74.92,19.941271,16.137213,37.533371,45.462269,14.195395,20.147894,36.346519,43.914875,43.06754,-89.411552,,4,14.8,0.81,46.1,1
243453,34,200,74.92,19.927923,14.255206,37.960491,45.181103,14.922569,19.707956,36.421265,44.018124,43.06754,-89.411552,,4,14.8,0.81,46.1,0
243956,34,200,74.92,22.290443,13.561132,36.799252,45.110455,15.600093,19.242928,36.473587,44.090538,43.067548,-89.411544,,4,14.8,1.2,37.5,1
244459,34,200,74.92,22.370529,12.64015,36.91938,44.980602,16.322996,18.758142,36.523773,44.184772,43.067548,-89.411544,,4,14.8,1.2,37.5,0
244962,34,200,74.92,23.344902,13.667912,36.839294,45.704811,16.987707,18.287775,36.601723,44.302494,43.067554,-89.411537,,4,14.8,1.13,39.9,1
245465,34,200,74.92,25.413774,12.74693,36.398827,46.186783,17.796036,17.76989,36.644436,44.444153,43.067554,-89.411537,,4,14.8,1.13,39.9,0
245968,34,200,74.92,22.677523,10.904965,36.478912,44.315903,18.428177,17.143087,36.701561,44.50267,43.06756,-89.411528,,4,14.8,0.97,43.8,1
246471,34,200,74.92,20.982382,4.858516,37.640152,43.366421,19.027748,16.264284,36.762428,44.475365,43.06756,-89.411528,,4,14.8,0.97,43.8,0
246975,34,200,74.92,19.927923,5.085424,38.147358,43.338257,19.490108,15.481048,36.804604,44.430912,43.067564,-89.411515,,4,14.8,0.93,50.5,1
247478,34,200,74.92,19.020288,0.734116,38.41431,42.871548,19.947128,14.489057,36.89003,44.36998,43.067564,-89.411515,,4,14.8,0.93,50.5,0
247981,34,200,74.92,17.845703,0.600641,38.908169,42.809761,20.288826,13.541913,36.97065,44.292763,43.067564,-89.411515,,4,14.8,0.93,50.5,0
248484,34,200,74.92,18.286173,-3.764015,38.174053,42.494827,20.545635,12.363055,37.068356,44.147835,43.067564,-89.411515,,4,14.8,0.93,50.5,0
248987,34,200,74.92,15.44314,-6.513615,38.627872,42.107365,20.650812,11.082223,37.206635,43.972778,43.067564,-89.411515,,4,14.8,0.93,50.5,0
249490,34,200,74.92,17.485317,-6.513615,37.947144,42.286514,20.717552,9.954086,37.299,43.812283,43.067564,-89.411515,,4,14.8,0.93,50.5,0
249993,34,200,74.92,16.230646,-5.432461,38.614525,42.237743,20.636398,8.876671,37.420197,43.645473,43.067564,-89.411515,,4,14.8,0.93,50.5,0
250496,34,200,74.92,16.190603,-4.458089,39.175121,42.622768,20.435118,7.99146,37.542995,43.484871,43.067564,-89.411515,,4,14.8,0.93,50.5,0
251000,34,200,74.92,14.361986,-3.590497,39.72237,42.391331,20.100361,7.227445,37.691956,43.323711,43.067564,-89.411515,,4,14.8,0.93,50.5,0
251503,34,200,74.92,11.478911,-5.018687,40.856915,42.734531,19.640135,6.509346,37.871349,43.154903,43.067564,-89.411515,,4,14.8,0.93,50.5,0
252006,34,200,74.92,9.717031,-4.831821,41.324081,42.72525,19.062986,5.820611,38.060883,42.964027,43.067564,-89.411515,,4,14.8,0.93,50.5,0
252509,34,200,74.92,6.260011,-4.644955,41.604378,42.328331,18.434584,5.172987,38.214115,42.742393,43.067564,-89.411515,,4,14.8,0.93,50.5,0
253012,34,200,74.92,8.649226,-8.368927,40.696743,42.439049,17.967419,4.243996,38.359867,42.571342,43.067564,-89.411515,,4,14.8,0.93,50.5,0
253516,34,200,74.92,6.073145,-8.142018,40.696743,41.945206,17.37265,3.347573,38.522175,42.39072,43.067564,-89.411515,,4,14.8,0.93,50.5,0
254022,34,200,74.92,10.317673,-7.928457,39.869194,41.938854,16.982367,2.489591,38.609737,42.252937,43.067564,-89.411515,,4,14.8,0.93,50.5,0
254525,34,200,74.92,3.964229,-11.21196,39.57555,41.323689,16.31926,1.535507,38.675941,42.006004,43.067564,-89.411515,,4,14.8,0.93,50.5,0
255028,34,200,74.92,6.687133,-11.852643,39.148426,41.446377,15.795502,0.51682,38.722923,41.823795,43.067564,-89.411515,,4,14.8,0.93,50.5,0
255531,34,200,74.92,2.215697,-11.171917,40.202885,41.78508,15.086478,-0.575545,38.8297,41.661476,43.067564,-89.411515,,4,14.8,0.93,50.5,0
256034,34,200,74.92,3.35024,-8.84944,40.990391,42.068382,14.423371,-1.499731,38.950897,41.562668,43.067564,-89.411515,,4,14.8,0.93,50.5,0
256538,34,200,74.92,-0.080085,-8.355579,41.257343,42.095016,13.52855,-2.376399,39.129223,41.470051,43.067564,-89.411515,,4,14.8,0.93,50.5,0
257041,34,200,74.92,-2.642819,-9.436732,41.270691,42.418232,12.528016,-3.259475,39.303272,41.380219,43.067564,-89.411515,,4,14.8,0.93,50.5,0
257544,34,200,74.92,-5.859584,-9.703684,41.510944,43.030857,11.359837,-4.194338,39.490139,41.305077,43.067564,-89.411515,,4,14.8,0.93,50.5,0
258047,34,200,74.92,-5.76615,-6.353444,42.044849,42.911354,10.112639,-4.958353,39.715981,41.282078,43.067564,-89.411515,,4,14.8,0.93,50.5,0
258550,34,200,74.92,-7.221036,-7.688201,41.230648,42.558407,8.916697,-5.70208,39.906048,41.285759,43.067564,-89.411515,,4,14.8,0.93,50.5,0
259053,34,200,74.92,-11.091831,-5.619328,40.696743,42.553852,7.633728,-6.121194,40.028309,41.206898,43.067564,-89.411515,,4,14.8,0.93,50.5,0
259556,34,200,74.92,-8.395622,-5.99306,40.990391,42.268372,6.500786,-6.564333,40.142033,41.191425,43.067564,-89.411515,,4,14.8,0.93,50.5,0
260060,34,200,74.92,-8.101975,-1.441538,41.39082,42.200947,5.415895,-6.65136,40.261093,41.164646,43.067564,-89.411515,,4,14.8,0.93,50.5,0
260563,34,200,74.92,-7.354512,-0.293647,41.137215,41.790497,4.407887,-6.687131,40.350254,41.137455,43.067564,-89.411515,,4,14.8,0.93,50.5,0
261066,34,200,74.92,-8.035237,2.789642,40.443142,41.327896,3.355031,-6.424985,40.441017,41.08543,43.067564,-89.411515,,4,14.8,0.93,50.5,0
261569,34,200,74.92,-5.018687,5.258943,39.57555,40.237644,2.536557,-5.954083,40.478928,40.993034,43.067564,-89.411515,,4,14.8,0.93,50.5,0
262072,34,200,74.92,-1.281367,11.225307,39.121731,40.720501,1.78589,-5.244526,40.525909,40.902859,43.067564,-89.411515,,4,14.8,0.93,50.5,0
262575,34,200,74.92,-1.241324,12.560064,39.06834,41.056442,1.087011,-4.524826,40.54406,40.810249,43.067564,-89.411515,,4,14.8,0.93,50.5,0
263078,34,200,74.92,-1.48158,10.144154,40.429794,41.70932,0.380124,-3.940736,40.59425,40.78685,43.067564,-89.411515,,4,14.8,0.93,50.5,0
263581,34,200,74.92,-4.618259,5.419114,41.497597,42.103985,-0.379086,-3.580351,40.665257,40.824329,43.067564,-89.411515,,4,14.8,0.93,50.5,0
264085,34,200,74.92,0,-0.066738,42.164978,42.165031,-0.838242,-3.382273,40.717579,40.866413,43.067564,-89.411515,,4,14.8,0.93,50.5,0
264588,34,200,74.92,-0.293647,-3.083289,42.859051,42.970818,-1.238669,-3.312332,40.778976,40.932026,43.067564,-89.411515,,4,14.8,0.93,50.5,0
265091,34,200,74.92,4.738388,-4.084357,43.08596,43.537735,-1.299534,-3.289908,40.838242,40.99115,43.067564,-89.411515,,4,14.8,0.93,50.5,0
265594,34,200,74.92,3.163374,-4.28457,43.73999,44.063038,-1.518968,-3.126534,40.959972,41.107197,43.067564,-89.411515,,4,14.8,0.93,50.5,0
266098,34,200,74.92,4.711693,-3.924186,43.726643,44.154484,-1.573426,-2.95782,41.081165,41.217552,43.067564,-89.411515,,4,14.8,0.93,50.5,0
266604,34,200,74.92,2.495996,-7.327816,43.272827,43.959805,-1.886293,-2.933794,41.217316,41.364628,43.067564,-89.411515,,4,14.8,0.93,50.5,0
267107,34,200,74.92,3.416978,-4.938601,43.673252,44.084221,-1.908183,-2.68286,41.381222,41.511978,43.067564,-89.411515,,4,14.8,0.93,50.5,0
267610,34,200,74.92,1.601709,-4.137747,43.286175,43.512981,-2.1116,-2.374264,41.54673,41.668056,43.067564,-89.411515,,4,14.8,0.93,50.5,0
268113,34,200,74.92,1.094501,-5.592632,42.698879,43.077484,-2.156448,-2.151093,41.646568,41.757805,43.067564,-89.411515,,4,14.8,0.93,50.5,0
268616,34,200,74.92,-1.748532,-2.562734,43.139351,43.250763,-2.360399,-1.899625,41.732525,41.842369,43.067564,-89.411515,,4,14.8,0.93,50.5,0
269120,34,200,74.92,1.241324,-4.978644,42.32515,42.635033,-2.307543,-1.764547,41.775234,41.87611,43.067564,-89.411515,,4,14.8,0.93,50.5,0
269623,34,200,74.92,7.367859,-7.501335,41.417515,42.731323,-1.907116,-1.687131,41.781109,41.858627,43.067564,-89.411515,,4,14.8,0.93,50.5,0
270126,34,200,74.92,23.371597,-4.337961,36.572346,43.618641,-0.737868,-1.472502,41.583565,41.616169,43.067564,-89.411515,,4,14.8,0.93,50.5,0
270629,34,200,74.92,25.053391,0.894287,35.83823,43.736149,0.494913,-1.182593,41.335297,41.355171,43.067564,-89.411515,,4,14.8,0.93,50.5,0
271132,34,200,74.92,23.371597,-5.552589,35.678059,43.011471,1.718619,-1.097169,41.113194,41.163723,43.067564,-89.411515,,4,14.8,0.93,50.5,0
271635,34,200,74.92,8.422318,-13.24079,38.267487,41.360058,2.499185,-1.402027,41.016026,41.116005,43.067564,-89.411515,,4,14.8,0.93,50.5,0
272138,34,200,74.92,-2.495996,-2.963161,41.2173,41.398987,2.73517,-1.280831,41.025101,41.136124,43.067564,-89.411515,,4,14.8,0.93,50.5,0
272641,34,200,74.92,-3.657234,10.664709,40.830219,42.358212,2.912959,-0.796581,41.002682,41.113743,43.067564,-89.411515,,4,14.8,0.93,50.5,0
273145,34,200,74.92,-3.523759,18.659904,37.960491,42.445351,3.066189,-0.038439,40.875614,40.990475,43.067564,-89.411515,,4,14.8,0.93,50.5,0
273648,34,200,74.92,-3.336893,12.026161,39.989323,41.891636,3.254123,0.331021,40.85746,40.988178,43.067564,-89.411515,,4,14.8,0.93,50.5,0
274151,34,200,74.92,-4.418046,12.132942,39.602242,41.65411,3.278148,0.605981,40.858528,40.994301,43.067564,-89.411515,,4,14.8,0.93,50.5,0
274654,34,200,74.92,-0.867592,17.765617,38.58783,42.489887,3.294699,0.867594,40.837173,40.97905,43.067564,-89.411515,,4,14.8,0.93,50.5,0
275157,34,200,74.92,2.229044,18.099306,38.027229,42.173733,3.433514,1.089163,40.795528,40.95425,43.067564,-89.411515,,4,14.8,0.93,50.5,0
275660,34,200,74.92,-0.347037,21.062468,36.572346,42.205265,3.478896,1.525896,40.641232,40.818386,43.067564,-89.411515,,4,14.8,0.93,50.5,0
276163,34,200,74.92,-4.391351,24.652964,34.890553,42.946514,3.487972,2.29525,40.376949,40.592266,43.067564,-89.411515,,4,14.8,0.93,50.5,0
276666,34,200,74.92,-7.608116,24.439404,34.556862,43.004005,3.183647,3.275496,40.072624,40.332119,43.067564,-89.411515,,4,14.8,0.93,50.5,0
277170,34,200,74.92,-6.513615,21.649761,36.665779,43.075733,2.934849,4.264818,39.824894,40.159985,43.067564,-89.411515,,4,14.8,0.93,50.5,0
277673,34,200,74.92,-4.578217,18.432995,38.547787,42.972866,2.562184,5.165512,39.643368,40.060501,43.067564,-89.411515,,4,14.8,0.93,50.5,0
278176,34,200,74.92,-5.325681,17.778965,39.148426,43.324978,2.222622,6.048053,39.459705,39.982338,43.067564,-89.411515,,4,14.8,0.93,50.5,0
278680,34,200,74.92,3.203417,10.784838,40.910305,42.429089,2.162291,6.636414,39.34705,39.96133,43.067564,-89.411515,,4,14.8,0.93,50.5,0
279186,34,200,74.92,-4.004272,14.281901,39.975975,42.639011,1.902281,7.500803,39.215176,39.971375,43.067564,-89.411515,,4,14.8,0.93,50.5,0
279689,34,200,74.92,6.607048,9.036305,41.297386,42.78764,2.029883,8.0598,39.12014,39.993328,43.067564,-89.411515,,4,14.8,0.93,50.5,0
280192,34,200,74.92,2.389215,8.355579,41.417515,42.319435,2.061384,8.559533,39.045395,40.025715,43.067564,-89.411515,,4,14.8,0.93,50.5,0
280695,34,200,74.92,3.750668,3.150027,41.87133,42.156834,2.16763,8.90924,39.012291,40.075329,43.067564,-89.411515,,4,14.8,0.93,50.5,0
281198,34,200,74.92,1.841965,4.591565,41.737854,42.030033,2.31125,9.195412,38.956234,40.09346,43.067564,-89.411515,,4,14.8,0.93,50.5,0
281701,34,200,74.92,5.99306,3.430326,41.364124,41.936554,2.50132,9.53177,38.917793,40.146057,43.067564,-89.411515,,4,14.8,0.93,50.5,0
282204,34,200,74.92,9.543513,1.775227,40.683395,41.825455,2.588346,9.902833,38.888428,40.212875,43.067564,-89.411515,,4,14.8,0.93,50.5,0
282708,34,200,74.92,17.538708,-1.094501,38.73465,42.534424,2.35503,10.032571,38.974918,40.314301,43.067564,-89.411515,,4,14.8,0.93,50.5,0
283211,34,200,74.92,12.880406,0.173518,40.176189,42.190769,1.868111,10.00374,39.148437,40.449535,43.067564,-89.411515,,4,14.8,0.93,50.5,0
283714,34,200,74.92,15.616658,1.241324,39.268555,42.27813,1.557913,10.275496,39.292057,40.643311,43.067564,-89.411515,,4,14.8,0.93,50.5,0
284217,34,200,74.92,15.136146,1.775227,39.054993,41.923103,1.826466,10.876138,39.323559,40.840771,43.067564,-89.411515,,4,14.8,0.93,50.5,0
284720,34,200,74.92,7.58142,1.42819,40.149494,40.883976,2.229563,11.051792,39.280846,40.866833,43.067564,-89.411515,,4,14.8,0.93,50.5,0
285223,34,200,74.92,10.998399,-4.151094,38.574482,40.326008,2.815788,10.45916,39.190617,40.659897,43.067564,-89.411515,,4,14.8,0.93,50.5,0
285726,34,200,74.92,11.278698,-4.044314,39.161774,40.953754,3.407887,9.550991,39.23867,40.527874,43.067564,-89.411515,,4,14.8,0.93,50.5,0
286229,34,200,74.92,11.558996,-1.414842,39.402031,41.086887,4.003722,9.01335,39.215179,40.436378,43.067564,-89.411515,,4,14.8,0.93,50.5,0
286733,34,200,74.92,7.447945,-1.174586,40.469837,41.166241,4.478362,8.48105,39.249882,40.404667,43.067564,-89.411515,,4,14.8,0.93,50.5,0
287236,34,200,74.92,7.287774,-0.840897,40.723438,41.378944,4.804576,7.73679,39.335308,40.375839,43.067564,-89.411515,,4,14.8,0.93,50.5,0
287739,34,200,74.92,6.727176,-3.256807,40.483185,41.167343,4.984502,6.882545,39.433544,40.338802,43.067564,-89.411515,,4,14.8,0.93,50.5,0
288242,34,200,74.92,6.486919,-0.707421,40.45649,40.979362,5.25786,6.01175,39.588913,40.386486,43.067564,-89.411515,,4,14.8,0.93,50.5,0
288745,34,200,74.92,7.154298,-2.576081,40.309666,41.020596,5.719687,4.922588,39.805676,40.514671,43.067564,-89.411515,,4,14.8,0.93,50.5,0
289248,34,200,74.92,8.088628,-0.160171,40.670048,41.466908,6.347556,3.938605,40.050201,40.740921,43.067564,-89.411515,,4,14.8,0.93,50.5,0
289751,34,200,74.92,9.423386,-1.895355,40.363056,41.491791,6.985036,2.9968,40.198093,40.910366,43.067564,-89.411515,,4,14.8,0.93,50.5,0
290254,34,200,74.92,6.967432,-2.816338,40.723438,41.411053,7.446862,2.146827,40.285118,41.023838,43.067564,-89.411515,,4,14.8,0.93,50.5,0
290758,34,200,74.92,9.383343,-4.538174,40.349709,41.674225,8.035223,1.254141,40.333172,41.144897,43.067564,-89.411515,,4,14.8,0.93,50.5,0
291261,34,200,74.92,6.954084,-3.830753,40.60331,41.372246,8.18525,0.669517,40.320892,41.148766,43.067564,-89.411515,,4,14.8,0.93,50.5,0
291767,34,200,74.92,12.613455,-6.54031,38.707954,41.233246,8.849959,-0.163371,40.270172,41.231483,43.067564,-89.411515,,4,14.8,0.93,50.5,0
292271,34,200,74.92,10.077416,-4.17779,39.66898,41.141659,8.988773,-0.691935,40.205032,41.203415,43.067564,-89.411515,,4,14.8,0.93,50.5,0
292774,34,200,74.92,19.113722,0.106781,37.6535,42.227146,9.657754,-1.021887,40.054474,41.215015,43.067564,-89.411515,,4,14.8,0.93,50.5,0
293277,34,200,74.92,16.857983,-0.427122,38.267487,41.818352,10.182047,-1.164973,39.91032,41.205154,43.067564,-89.411515,,4,14.8,0.93,50.5,0
293780,34,200,74.92,19.821142,2.616124,37.026161,42.079189,10.901214,-1.24399,39.721851,41.209335,43.067564,-89.411515,,4,14.8,0.93,50.5,0
294283,34,200,74.92,19.060331,3.083289,38.107315,42.719673,11.423903,-1.257872,39.591579,41.225975,43.067564,-89.411515,,4,14.8,0.93,50.5,0
294786,34,200,74.92,20.421783,7.928457,37.439938,43.37809,11.859035,-1.011743,39.461842,41.217682,43.067564,-89.411515,,4,14.8,0.93,50.5,0
295289,34,200,74.92,19.794447,11.585691,37.213028,43.71336,11.949264,-0.504535,39.400978,41.176167,43.067564,-89.411515,,4,14.8,0.93,50.5,0
295792,34,200,74.92,19.060331,16.177256,35.531235,43.445007,12.196461,0.135615,39.215179,41.068264,43.067564,-89.411515,,4,14.8,0.93,50.5,0
296296,34,200,74.92,21.609718,15.616658,33.262146,42.628983,12.436184,0.710628,38.974922,40.917091,43.067564,-89.411515,,4,14.8,0.93,50.5,0
296799,34,200,74.92,16.057129,14.989323,32.514683,39.239212,12.473023,1.239192,38.71331,40.691917,43.067564,-89.411515,,4,14.8,0.93,50.5,0
297302,34,200,74.92,15.429792,16.577682,29.604912,37.273972,12.786958,1.845171,38.291527,40.412273,43.067564,-89.411515,,4,14.8,0.93,50.5,0
297805,34,200,74.92,13.120663,18.606514,28.817406,36.725971,12.871848,2.755476,37.901245,40.122082,43.067564,-89.411515,,4,14.8,0.93,50.5,0
298308,34,200,74.92,13.360919,20.221571,28.29685,37.257721,12.955136,3.726111,37.466648,39.817951,43.067564,-89.411515,,4,14.8,0.93,50.5,0
298811,34,200,74.92,15.403097,19.153765,31.126535,39.660854,13.108901,4.548856,37.135628,39.643288,43.067564,-89.411515,,4,14.8,0.93,50.5,0
299314,34,200,74.92,11.625734,18.152697,34.943939,41.057972,13.276013,5.321947,36.914593,39.588669,43.067564,-89.411515,,4,14.8,0.93,50.5,0
299817,34,200,74.92,11.879338,11.065136,37.613457,40.967403,13.459675,5.798189,36.790192,39.601768,43.067564,-89.411515,,4,14.8,0.93,50.5,0
300321,34,200,74.92,16.991459,0.907635,39.161774,42.698689,13.870247,5.964766,36.737335,39.718937,43.067564,-89.411515,,4,14.8,0.93,50.5,0
300824,34,200,74.92,23.184731,6.673786,36.478912,43.735367,14.538159,6.260015,36.578232,39.856152,43.067564,-89.411515,,4,14.8,0.93,50.5,0
301327,34,200,74.92,22.97117,6.326749,36.145222,43.291794,15.170834,6.616128,36.411655,39.9967,43.067564,-89.411515,,4,14.8,0.93,50.5,0
301830,34,200,74.92,18.392954,0.160171,39.161774,43.266281,15.583007,6.628942,36.351322,40.102264,43.067564,-89.411515,,4,14.8,0.93,50.5,0
302333,34,200,74.92,21.089163,-7.928457,37.85371,44.051296,16.049637,6.387618,36.25095,40.156242,43.067564,-89.411515,,4,14.8,0.93,50.5,0
302836,34,200,74.92,21.583023,-17.191671,35.290977,44.797695,16.634262,5.812604,36.033653,40.11121,43.067564,-89.411515,,4,14.8,0.93,50.5,0
303339,34,200,74.92,12.026161,-20.381741,36.465565,43.471615,16.739975,5.178862,35.878284,39.928669,43.067564,-89.411515,,4,14.8,0.93,50.5,0
303843,34,200,74.92,15.429792,-16.457556,31.179926,38.485287,17.079002,4.67379,35.50135,39.672188,43.067564,-89.411515,,4,14.8,0.93,50.5,0
304349,34,200,74.92,14.829151,0.694074,37.733582,40.548843,17.167631,4.963165,35.462376,39.710712,43.067564,-89.411515,,4,14.8,0.93,50.5,0
304852,34,200,74.92,26.735186,8.315536,34.089695,44.113781,17.833942,5.462898,35.239204,39.870972,43.067564,-89.411515,,4,14.8,0.93,50.5,0
305356,34,200,74.92,24.079018,6.900694,34.036304,42.259777,18.032555,5.734654,35.094517,39.870846,43.067564,-89.411515,,4,14.8,0.93,50.5,0
305859,34,200,74.92,26.508276,13.027229,32.24773,43.730007,18.418566,6.272829,34.853725,39.917091,43.067564,-89.411515,,4,14.8,0.93,50.5,0
306362,34,200,74.92,30.045382,13.814736,29.244528,44.145378,18.827536,6.720773,34.542461,39.910233,43.067564,-89.411515,,4,14.8,0.93,50.5,0
306865,34,200,74.92,25.93433,10.477843,33.288841,43.480129,19.102495,7.016555,34.34972,39.925438,43.067564,-89.411515,,4,14.8,0.93,50.5,0
307368,34,200,74.92,26.081154,11.26535,33.422318,43.865543,19.328869,7.150031,34.189014,39.920132,43.067564,-89.411515,,4,14.8,0.93,50.5,0
307871,34,200,74.92,21.115858,13.320876,36.558998,44.270596,19.381725,7.219439,34.162853,39.935848,43.067564,-89.411515,,4,14.8,0.93,50.5,0
308374,34,200,74.92,22.116926,12.600107,35.544582,43.718857,19.50399,7.076353,34.163387,39.970207,43.067564,-89.411515,,4,14.8,0.93,50.5,0
308877,34,200,74.92,23.545115,14.775762,34.356647,44.193607,19.581406,7.042717,34.207169,40.039501,43.067564,-89.411515,,4,14.8,0.93,50.5,0
309381,34,200,74.92,23.41164,15.790176,33.275494,43.642788,19.875586,7.074751,34.237598,40.215721,43.067564,-89.411515,,4,14.8,0.93,50.5,0
309884,34,200,74.92,26.147892,14.255206,32.941807,44.408173,20.30431,6.981852,34.371078,40.526318,43.067564,-89.411515,,4,14.8,0.93,50.5,0
310387,34,200,74.92,17.738922,16.671116,33.142017,41.121635,20.48904,6.904436,34.54406,40.752472,43.067564,-89.411515,,4,14.8,0.93,50.5,0
310890,34,200,74.92,15.803524,17.698879,34.676991,42.017799,20.586746,6.803528,34.799267,41.00111,43.067564,-89.411515,,4,14.8,0.93,50.5,0
311393,34,200,74.92,13.761346,17.338495,36.118526,42.362083,20.521076,6.730918,34.998947,41.12598,43.067564,-89.411515,,4,14.8,0.93,50.5,0
311896,34,200,74.92,27.442606,9.717031,33.862789,44.656532,21.153753,6.393491,34.9557,41.355278,43.067564,-89.411515,,4,14.8,0.93,50.5,0
312399,34,200,74.92,30.979712,-2.789642,34.717033,46.613274,21.917768,5.8393,34.83984,41.572834,43.067564,-89.411515,,4,14.8,0.93,50.5,0
312902,34,200,74.92,31.76722,-4.030966,34.636948,47.171211,22.508799,5.641756,34.658848,41.709846,43.067564,-89.411515,,4,14.8,0.93,50.5,0
313406,34,200,74.92,28.52376,-8.942873,34.103043,45.349724,22.722361,5.017089,34.563812,41.666943,43.067564,-89.411515,,4,14.8,0.93,50.5,0
313909,34,200,74.92,19.660973,-13.854779,35.144154,42.58662,22.589954,4.209828,34.523769,41.471909,43.067564,-89.411515,,4,14.8,0.93,50.5,0
314412,34,200,74.92,16.831287,-16.898026,34.85051,42.230244,22.527489,3.527501,34.351318,41.230377,43.067564,-89.411515,,4,14.8,0.93,50.5,0
314915,34,200,74.92,15.616658,-18.312868,34.797119,42.309345,22.308586,3.112124,34.229053,40.975437,43.067252,-89.411333,,4,14.8,1.35,131.3,1
315418,34,200,74.92,10.811533,-15.750134,37.266418,41.877701,21.877728,3.169785,34.308075,40.813313,43.067252,-89.411333,,4,14.8,1.35,131.3,0
315921,34,200,74.92,6.873999,-13.400961,39.882542,42.631615,21.67164,3.449017,34.444752,40.841114,43.06724,-89.411328,,4,14.8,1.3,131.3,1
